{"dataset": "imagenet", "extractor": "resnet", "transformation_type": "picasso_original_val", "epochs": 50, "batch_size": 32768, "learning_rate": 0.0001, "lamda": 10, "eta": 0.9, "seed": 0, "baseline_indist_acc_no_sp_corr": 0.7571200132369995, "baseline_ood_acc_no_sp_corr": 0.47450000047683716, "baseline_indist_t5_acc_no_sp_corr": 0.9274399876594543, "baseline_ood_t5_acc_no_sp_corr": 0.7055000066757202, "PISCO_indist_acc_no_sp_corr": 0.7396600246429443, "PISCO_ood_acc_no_sp_corr": 0.4903999865055084, "PISCO_indist_t5_acc_no_sp_corr": 0.9103599786758423, "PISCO_ood_t5_acc_no_sp_corr": 0.6914799809455872}