{"dataset": "imagenet", "extractor": "resnet", "transformation_type": "girl_sketch_val", "lamda": 1, "eta": 0.9, "seed": 0, "baseline_indist_acc_no_sp_corr": 0.7542799711227417, "baseline_ood_acc_no_sp_corr": 0.4764600098133087, "baseline_indist_t5_acc_no_sp_corr": 0.9261400103569031, "baseline_ood_t5_acc_no_sp_corr": 0.7123399972915649, "PISCO_indist_acc_no_sp_corr": 0.7343599796295166, "PISCO_ood_acc_no_sp_corr": 0.5070000290870667, "PISCO_indist_t5_acc_no_sp_corr": 0.9098399877548218, "PISCO_ood_t5_acc_no_sp_corr": 0.7364199757575989}