{"dataset": "imagenet", "extractor": "resnet", "transformation_type": "girl_sketch_val", "epochs": 50, "batch_size": 32768, "learning_rate": 0.001, "lamda": 10, "eta": 0.9, "seed": 0, "baseline_indist_acc_no_sp_corr": 0.7483400106430054, "baseline_ood_acc_no_sp_corr": 0.4436199963092804, "baseline_indist_t5_acc_no_sp_corr": 0.9226999878883362, "baseline_ood_t5_acc_no_sp_corr": 0.6793000102043152, "PISCO_indist_acc_no_sp_corr": 0.7498800158500671, "PISCO_ood_acc_no_sp_corr": 0.46498000621795654, "PISCO_indist_t5_acc_no_sp_corr": 0.9170600175857544, "PISCO_ood_t5_acc_no_sp_corr": 0.668720006942749}