{"dataset": "imagenet", "extractor": "resnet", "transformation_type": "girl_sketch_val", "epochs": 50, "batch_size": 32768, "learning_rate": 0.0001, "lamda": 50, "eta": 0.98, "seed": 0, "baseline_indist_acc_no_sp_corr": 0.7572199702262878, "baseline_ood_acc_no_sp_corr": 0.4781399965286255, "baseline_indist_t5_acc_no_sp_corr": 0.9270600080490112, "baseline_ood_t5_acc_no_sp_corr": 0.7118399739265442, "PISCO_indist_acc_no_sp_corr": 0.7513200044631958, "PISCO_ood_acc_no_sp_corr": 0.5113800168037415, "PISCO_indist_t5_acc_no_sp_corr": 0.9212599992752075, "PISCO_ood_t5_acc_no_sp_corr": 0.7382000088691711}