{"dataset": "imagenet", "extractor": "resnet", "transformation_type": "picasso_original_val", "epochs": 50, "batch_size": 32768, "learning_rate": 0.0001, "lamda": 50, "eta": 0.9, "seed": 0, "baseline_indist_acc_no_sp_corr": 0.7573800086975098, "baseline_ood_acc_no_sp_corr": 0.47398000955581665, "baseline_indist_t5_acc_no_sp_corr": 0.9271199703216553, "baseline_ood_t5_acc_no_sp_corr": 0.7064399719238281, "PISCO_indist_acc_no_sp_corr": 0.7392799854278564, "PISCO_ood_acc_no_sp_corr": 0.4902999997138977, "PISCO_indist_t5_acc_no_sp_corr": 0.9104200005531311, "PISCO_ood_t5_acc_no_sp_corr": 0.6850399971008301}