{"dataset": "imagenet", "extractor": "resnet", "transformation_type": "picasso_original_val", "epochs": 50, "batch_size": 32768, "learning_rate": 0.001, "lamda": 50, "eta": 0.95, "seed": 0, "baseline_indist_acc_no_sp_corr": 0.747979998588562, "baseline_ood_acc_no_sp_corr": 0.4406000077724457, "baseline_indist_t5_acc_no_sp_corr": 0.9226400256156921, "baseline_ood_t5_acc_no_sp_corr": 0.6757000088691711, "PISCO_indist_acc_no_sp_corr": 0.7496799826622009, "PISCO_ood_acc_no_sp_corr": 0.47218000888824463, "PISCO_indist_t5_acc_no_sp_corr": 0.919439971446991, "PISCO_ood_t5_acc_no_sp_corr": 0.6841400265693665}