{"dataset": "imagenet", "extractor": "resnet", "transformation_type": "picasso_original_val", "epochs": 50, "batch_size": 32768, "learning_rate": 0.0001, "lamda": 50, "eta": 0.95, "seed": 0, "baseline_indist_acc_no_sp_corr": 0.7571200132369995, "baseline_ood_acc_no_sp_corr": 0.4742000102996826, "baseline_indist_t5_acc_no_sp_corr": 0.9271399974822998, "baseline_ood_t5_acc_no_sp_corr": 0.7065399885177612, "PISCO_indist_acc_no_sp_corr": 0.7458800077438354, "PISCO_ood_acc_no_sp_corr": 0.5037800073623657, "PISCO_indist_t5_acc_no_sp_corr": 0.9164400100708008, "PISCO_ood_t5_acc_no_sp_corr": 0.7180600166320801}