{"dataset": "imagenet", "extractor": "resnet", "transformation_type": "dog_sketch_val", "epochs": 50, "batch_size": 32768, "learning_rate": 0.0001, "lamda": 10, "eta": 0.95, "seed": 0, "baseline_indist_acc_no_sp_corr": 0.7576799988746643, "baseline_ood_acc_no_sp_corr": 0.5153800249099731, "baseline_indist_t5_acc_no_sp_corr": 0.9274200201034546, "baseline_ood_t5_acc_no_sp_corr": 0.751579999923706, "PISCO_indist_acc_no_sp_corr": 0.7453399896621704, "PISCO_ood_acc_no_sp_corr": 0.533840000629425, "PISCO_indist_t5_acc_no_sp_corr": 0.916920006275177, "PISCO_ood_t5_acc_no_sp_corr": 0.7512999773025513}