{"dataset": "imagenet", "extractor": "resnet", "transformation_type": "dog_sketch_val", "epochs": 50, "batch_size": 32768, "learning_rate": 0.0001, "lamda": 10, "eta": 0.93, "seed": 0, "baseline_indist_acc_no_sp_corr": 0.7573599815368652, "baseline_ood_acc_no_sp_corr": 0.5143200159072876, "baseline_indist_t5_acc_no_sp_corr": 0.9275199770927429, "baseline_ood_t5_acc_no_sp_corr": 0.7525799870491028, "PISCO_indist_acc_no_sp_corr": 0.7424799799919128, "PISCO_ood_acc_no_sp_corr": 0.5300999879837036, "PISCO_indist_t5_acc_no_sp_corr": 0.9138000011444092, "PISCO_ood_t5_acc_no_sp_corr": 0.7405400276184082}