{"dataset": "imagenet", "extractor": "resnet", "transformation_type": "picasso_original_val", "epochs": 50, "batch_size": 32768, "learning_rate": 0.001, "lamda": 50, "eta": 0.93, "seed": 0, "baseline_indist_acc_no_sp_corr": 0.7487599849700928, "baseline_ood_acc_no_sp_corr": 0.4397200047969818, "baseline_indist_t5_acc_no_sp_corr": 0.9224399924278259, "baseline_ood_t5_acc_no_sp_corr": 0.6754800081253052, "PISCO_indist_acc_no_sp_corr": 0.7488600015640259, "PISCO_ood_acc_no_sp_corr": 0.4675599932670593, "PISCO_indist_t5_acc_no_sp_corr": 0.9191399812698364, "PISCO_ood_t5_acc_no_sp_corr": 0.6726599931716919}