{"dataset": "imagenet", "extractor": "resnet", "transformation_type": "picasso_original_val", "epochs": 50, "batch_size": 32768, "learning_rate": 0.001, "lamda": 10, "eta": 0.9, "seed": 0, "baseline_indist_acc_no_sp_corr": 0.7480999827384949, "baseline_ood_acc_no_sp_corr": 0.4404999911785126, "baseline_indist_t5_acc_no_sp_corr": 0.922540009021759, "baseline_ood_t5_acc_no_sp_corr": 0.6756799817085266, "PISCO_indist_acc_no_sp_corr": 0.7501599788665771, "PISCO_ood_acc_no_sp_corr": 0.46399998664855957, "PISCO_indist_t5_acc_no_sp_corr": 0.916920006275177, "PISCO_ood_t5_acc_no_sp_corr": 0.6669800281524658}