{"dataset": "imagenet", "extractor": "resnet", "transformation_type": "girl_sketch_val", "epochs": 50, "batch_size": 32768, "learning_rate": 0.001, "lamda": 1, "eta": 0.93, "seed": 0, "baseline_indist_acc_no_sp_corr": 0.7481200098991394, "baseline_ood_acc_no_sp_corr": 0.4438599944114685, "baseline_indist_t5_acc_no_sp_corr": 0.9225599765777588, "baseline_ood_t5_acc_no_sp_corr": 0.6789799928665161, "PISCO_indist_acc_no_sp_corr": 0.7515400052070618, "PISCO_ood_acc_no_sp_corr": 0.49235999584198, "PISCO_indist_t5_acc_no_sp_corr": 0.9234399795532227, "PISCO_ood_t5_acc_no_sp_corr": 0.7278599739074707}