{"dataset": "imagenet", "extractor": "resnet", "transformation_type": "picasso_original_val", "epochs": 50, "batch_size": 32768, "learning_rate": 0.001, "lamda": 1, "eta": 0.95, "seed": 0, "baseline_indist_acc_no_sp_corr": 0.7480999827384949, "baseline_ood_acc_no_sp_corr": 0.43998000025749207, "baseline_indist_t5_acc_no_sp_corr": 0.922540009021759, "baseline_ood_t5_acc_no_sp_corr": 0.675059974193573, "PISCO_indist_acc_no_sp_corr": 0.7518200278282166, "PISCO_ood_acc_no_sp_corr": 0.4891200065612793, "PISCO_indist_t5_acc_no_sp_corr": 0.9234200119972229, "PISCO_ood_t5_acc_no_sp_corr": 0.7231000065803528}