{"dataset": "imagenet", "extractor": "resnet", "transformation_type": "dog_sketch_val", "epochs": 50, "batch_size": 32768, "learning_rate": 0.001, "lamda": 50, "eta": 0.95, "seed": 0, "baseline_indist_acc_no_sp_corr": 0.7487999796867371, "baseline_ood_acc_no_sp_corr": 0.48416000604629517, "baseline_indist_t5_acc_no_sp_corr": 0.9223600029945374, "baseline_ood_t5_acc_no_sp_corr": 0.7214800119400024, "PISCO_indist_acc_no_sp_corr": 0.7496399879455566, "PISCO_ood_acc_no_sp_corr": 0.509119987487793, "PISCO_indist_t5_acc_no_sp_corr": 0.9196199774742126, "PISCO_ood_t5_acc_no_sp_corr": 0.721780002117157}