{"dataset": "imagenet", "extractor": "resnet", "transformation_type": "picasso_dog_val", "epochs": 50, "batch_size": 32768, "learning_rate": 0.001, "lamda": 50, "eta": 0.98, "seed": 0, "baseline_indist_acc_no_sp_corr": 0.7483800053596497, "baseline_ood_acc_no_sp_corr": 0.4142799973487854, "baseline_indist_t5_acc_no_sp_corr": 0.9227799773216248, "baseline_ood_t5_acc_no_sp_corr": 0.6523399949073792, "PISCO_indist_acc_no_sp_corr": 0.7508800029754639, "PISCO_ood_acc_no_sp_corr": 0.45739999413490295, "PISCO_indist_t5_acc_no_sp_corr": 0.9221400022506714, "PISCO_ood_t5_acc_no_sp_corr": 0.6802399754524231}