{"dataset": "imagenet", "extractor": "resnet", "transformation_type": "picasso_original_val", "epochs": 50, "batch_size": 32768, "learning_rate": 0.0001, "lamda": 1, "eta": 0.93, "seed": 0, "baseline_indist_acc_no_sp_corr": 0.7569800019264221, "baseline_ood_acc_no_sp_corr": 0.4743399918079376, "baseline_indist_t5_acc_no_sp_corr": 0.9275799989700317, "baseline_ood_t5_acc_no_sp_corr": 0.706279993057251, "PISCO_indist_acc_no_sp_corr": 0.745959997177124, "PISCO_ood_acc_no_sp_corr": 0.5106800198554993, "PISCO_indist_t5_acc_no_sp_corr": 0.9179999828338623, "PISCO_ood_t5_acc_no_sp_corr": 0.7415599822998047}