{"dataset": "imagenet", "extractor": "resnet", "transformation_type": "girl_sketch_val", "epochs": 50, "batch_size": 32768, "learning_rate": 0.0001, "lamda": 50, "eta": 0.9, "seed": 0, "baseline_indist_acc_no_sp_corr": 0.757420003414154, "baseline_ood_acc_no_sp_corr": 0.4779999852180481, "baseline_indist_t5_acc_no_sp_corr": 0.9271600246429443, "baseline_ood_t5_acc_no_sp_corr": 0.7118200063705444, "PISCO_indist_acc_no_sp_corr": 0.7388799786567688, "PISCO_ood_acc_no_sp_corr": 0.48791998624801636, "PISCO_indist_t5_acc_no_sp_corr": 0.9098799824714661, "PISCO_ood_t5_acc_no_sp_corr": 0.6864200234413147}