{"dataset": "imagenet", "extractor": "resnet", "transformation_type": "dog_sketch_val", "epochs": 50, "batch_size": 32768, "learning_rate": 0.0001, "lamda": 50, "eta": 0.98, "seed": 0, "baseline_indist_acc_no_sp_corr": 0.7570400238037109, "baseline_ood_acc_no_sp_corr": 0.514959990978241, "baseline_indist_t5_acc_no_sp_corr": 0.9275400042533875, "baseline_ood_t5_acc_no_sp_corr": 0.752020001411438, "PISCO_indist_acc_no_sp_corr": 0.7514600157737732, "PISCO_ood_acc_no_sp_corr": 0.540440022945404, "PISCO_indist_t5_acc_no_sp_corr": 0.9208999872207642, "PISCO_ood_t5_acc_no_sp_corr": 0.7676399946212769}