{"dataset": "imagenet", "extractor": "resnet", "transformation_type": "picasso_dog_val", "epochs": 50, "batch_size": 32768, "learning_rate": 0.0001, "lamda": 1, "eta": 0.95, "seed": 0, "baseline_indist_acc_no_sp_corr": 0.7575799822807312, "baseline_ood_acc_no_sp_corr": 0.4453999996185303, "baseline_indist_t5_acc_no_sp_corr": 0.927299976348877, "baseline_ood_t5_acc_no_sp_corr": 0.6858400106430054, "PISCO_indist_acc_no_sp_corr": 0.7492200136184692, "PISCO_ood_acc_no_sp_corr": 0.4997200071811676, "PISCO_indist_t5_acc_no_sp_corr": 0.921459972858429, "PISCO_ood_t5_acc_no_sp_corr": 0.7383000254631042}