{"dataset": "imagenet", "extractor": "resnet", "transformation_type": "picasso_dog_val", "epochs": 50, "batch_size": 32768, "learning_rate": 0.001, "lamda": 10, "eta": 0.98, "seed": 0, "baseline_indist_acc_no_sp_corr": 0.7481600046157837, "baseline_ood_acc_no_sp_corr": 0.4141800105571747, "baseline_indist_t5_acc_no_sp_corr": 0.9227200150489807, "baseline_ood_t5_acc_no_sp_corr": 0.6526200175285339, "PISCO_indist_acc_no_sp_corr": 0.7501800060272217, "PISCO_ood_acc_no_sp_corr": 0.45739999413490295, "PISCO_indist_t5_acc_no_sp_corr": 0.92221999168396, "PISCO_ood_t5_acc_no_sp_corr": 0.6825199723243713}