{"dataset": "imagenet", "extractor": "resnet", "transformation_type": "picasso_dog_val", "epochs": 50, "batch_size": 32768, "learning_rate": 0.0001, "lamda": 1, "eta": 0.93, "seed": 0, "baseline_indist_acc_no_sp_corr": 0.7571399807929993, "baseline_ood_acc_no_sp_corr": 0.44609999656677246, "baseline_indist_t5_acc_no_sp_corr": 0.9275400042533875, "baseline_ood_t5_acc_no_sp_corr": 0.6860600113868713, "PISCO_indist_acc_no_sp_corr": 0.7458199858665466, "PISCO_ood_acc_no_sp_corr": 0.49542000889778137, "PISCO_indist_t5_acc_no_sp_corr": 0.918179988861084, "PISCO_ood_t5_acc_no_sp_corr": 0.7345600128173828}