{"dataset": "imagenet", "extractor": "resnet", "transformation_type": "dog_sketch_val", "epochs": 50, "batch_size": 32768, "learning_rate": 0.001, "lamda": 10, "eta": 0.93, "seed": 0, "baseline_indist_acc_no_sp_corr": 0.7484999895095825, "baseline_ood_acc_no_sp_corr": 0.484360009431839, "baseline_indist_t5_acc_no_sp_corr": 0.9225999712944031, "baseline_ood_t5_acc_no_sp_corr": 0.7218800187110901, "PISCO_indist_acc_no_sp_corr": 0.7491599917411804, "PISCO_ood_acc_no_sp_corr": 0.5060999989509583, "PISCO_indist_t5_acc_no_sp_corr": 0.918940007686615, "PISCO_ood_t5_acc_no_sp_corr": 0.7178199887275696}