{"dataset": "imagenet", "extractor": "resnet", "transformation_type": "girl_sketch_val", "epochs": 50, "batch_size": 32768, "learning_rate": 0.0001, "lamda": 1, "eta": 0.98, "seed": 0, "baseline_indist_acc_no_sp_corr": 0.7577800154685974, "baseline_ood_acc_no_sp_corr": 0.47808000445365906, "baseline_indist_t5_acc_no_sp_corr": 0.9270399808883667, "baseline_ood_t5_acc_no_sp_corr": 0.7114800214767456, "PISCO_indist_acc_no_sp_corr": 0.7551599740982056, "PISCO_ood_acc_no_sp_corr": 0.5202000141143799, "PISCO_indist_t5_acc_no_sp_corr": 0.9251800179481506, "PISCO_ood_t5_acc_no_sp_corr": 0.7570000290870667}