{"dataset": "imagenet", "extractor": "resnet", "transformation_type": "picasso_dog_val", "epochs": 50, "batch_size": 32768, "learning_rate": 0.001, "lamda": 1, "eta": 0.98, "seed": 0, "baseline_indist_acc_no_sp_corr": 0.7483199834823608, "baseline_ood_acc_no_sp_corr": 0.41464000940322876, "baseline_indist_t5_acc_no_sp_corr": 0.9223600029945374, "baseline_ood_t5_acc_no_sp_corr": 0.6527000069618225, "PISCO_indist_acc_no_sp_corr": 0.752240002155304, "PISCO_ood_acc_no_sp_corr": 0.4709399938583374, "PISCO_indist_t5_acc_no_sp_corr": 0.9235000014305115, "PISCO_ood_t5_acc_no_sp_corr": 0.7099400162696838}