{"dataset": "imagenet", "extractor": "resnet", "transformation_type": "dog_sketch_val", "epochs": 50, "batch_size": 32768, "learning_rate": 0.0001, "lamda": 50, "eta": 1.0, "seed": 0, "baseline_indist_acc_no_sp_corr": 0.757860004901886, "baseline_ood_acc_no_sp_corr": 0.5148000121116638, "baseline_indist_t5_acc_no_sp_corr": 0.9276800155639648, "baseline_ood_t5_acc_no_sp_corr": 0.7521600127220154, "PISCO_indist_acc_no_sp_corr": 0.7570000290870667, "PISCO_ood_acc_no_sp_corr": 0.5475999712944031, "PISCO_indist_t5_acc_no_sp_corr": 0.9285200238227844, "PISCO_ood_t5_acc_no_sp_corr": 0.7861400246620178}