{"dataset": "imagenet", "extractor": "resnet", "transformation_type": "girl_sketch_val", "epochs": 50, "batch_size": 32768, "learning_rate": 0.001, "lamda": 10, "eta": 1.0, "seed": 0, "baseline_indist_acc_no_sp_corr": 0.7485600113868713, "baseline_ood_acc_no_sp_corr": 0.4436199963092804, "baseline_indist_t5_acc_no_sp_corr": 0.9223399758338928, "baseline_ood_t5_acc_no_sp_corr": 0.678659975528717, "PISCO_indist_acc_no_sp_corr": 0.752839982509613, "PISCO_ood_acc_no_sp_corr": 0.4781399965286255, "PISCO_indist_t5_acc_no_sp_corr": 0.9255399703979492, "PISCO_ood_t5_acc_no_sp_corr": 0.7166399955749512}