{"dataset": "imagenet", "extractor": "resnet", "transformation_type": "dog_sketch_val", "epochs": 50, "batch_size": 32768, "learning_rate": 0.001, "lamda": 1, "eta": 0.98, "seed": 0, "baseline_indist_acc_no_sp_corr": 0.7484800219535828, "baseline_ood_acc_no_sp_corr": 0.4844200015068054, "baseline_indist_t5_acc_no_sp_corr": 0.9225599765777588, "baseline_ood_t5_acc_no_sp_corr": 0.7210999727249146, "PISCO_indist_acc_no_sp_corr": 0.7522600293159485, "PISCO_ood_acc_no_sp_corr": 0.5222600102424622, "PISCO_indist_t5_acc_no_sp_corr": 0.9240400195121765, "PISCO_ood_t5_acc_no_sp_corr": 0.7586399912834167}