{"dataset": "imagenet", "extractor": "resnet", "transformation_type": "girl_sketch_val", "epochs": 50, "batch_size": 32768, "learning_rate": 0.0001, "lamda": 10, "eta": 0.95, "seed": 0, "baseline_indist_acc_no_sp_corr": 0.7570599913597107, "baseline_ood_acc_no_sp_corr": 0.47694000601768494, "baseline_indist_t5_acc_no_sp_corr": 0.927079975605011, "baseline_ood_t5_acc_no_sp_corr": 0.7112799882888794, "PISCO_indist_acc_no_sp_corr": 0.7458999752998352, "PISCO_ood_acc_no_sp_corr": 0.5057399868965149, "PISCO_indist_t5_acc_no_sp_corr": 0.9170200228691101, "PISCO_ood_t5_acc_no_sp_corr": 0.7234399914741516}