{"dataset": "imagenet", "extractor": "resnet", "transformation_type": "girl_sketch_val", "epochs": 50, "batch_size": 32768, "learning_rate": 0.0001, "lamda": 10, "eta": 1.0, "seed": 0, "baseline_indist_acc_no_sp_corr": 0.7578399777412415, "baseline_ood_acc_no_sp_corr": 0.477400004863739, "baseline_indist_t5_acc_no_sp_corr": 0.9272000193595886, "baseline_ood_t5_acc_no_sp_corr": 0.7116199731826782, "PISCO_indist_acc_no_sp_corr": 0.7575799822807312, "PISCO_ood_acc_no_sp_corr": 0.5171599984169006, "PISCO_indist_t5_acc_no_sp_corr": 0.9284399747848511, "PISCO_ood_t5_acc_no_sp_corr": 0.7553200125694275}