{"dataset": "imagenet", "extractor": "resnet", "transformation_type": "girl_sketch_val", "epochs": 50, "batch_size": 32768, "learning_rate": 0.0001, "lamda": 1, "eta": 1.0, "seed": 0, "baseline_indist_acc_no_sp_corr": 0.7577000260353088, "baseline_ood_acc_no_sp_corr": 0.4779199957847595, "baseline_indist_t5_acc_no_sp_corr": 0.9271399974822998, "baseline_ood_t5_acc_no_sp_corr": 0.7121400237083435, "PISCO_indist_acc_no_sp_corr": 0.7581200003623962, "PISCO_ood_acc_no_sp_corr": 0.5174000263214111, "PISCO_indist_t5_acc_no_sp_corr": 0.9293400049209595, "PISCO_ood_t5_acc_no_sp_corr": 0.7564200162887573}