{"dataset": "imagenet", "extractor": "resnet", "transformation_type": "girl_sketch_val", "epochs": 50, "batch_size": 32768, "learning_rate": 0.0001, "lamda": 50, "eta": 0.95, "seed": 0, "baseline_indist_acc_no_sp_corr": 0.75764000415802, "baseline_ood_acc_no_sp_corr": 0.476639986038208, "baseline_indist_t5_acc_no_sp_corr": 0.9271600246429443, "baseline_ood_t5_acc_no_sp_corr": 0.7115600109100342, "PISCO_indist_acc_no_sp_corr": 0.745419979095459, "PISCO_ood_acc_no_sp_corr": 0.5042399764060974, "PISCO_indist_t5_acc_no_sp_corr": 0.9168999791145325, "PISCO_ood_t5_acc_no_sp_corr": 0.7188000082969666}