{"dataset": "imagenet", "extractor": "resnet", "transformation_type": "dog_sketch_val", "epochs": 50, "batch_size": 32768, "learning_rate": 0.0001, "lamda": 1, "eta": 0.93, "seed": 0, "baseline_indist_acc_no_sp_corr": 0.7573000192642212, "baseline_ood_acc_no_sp_corr": 0.5146200060844421, "baseline_indist_t5_acc_no_sp_corr": 0.9274399876594543, "baseline_ood_t5_acc_no_sp_corr": 0.7531599998474121, "PISCO_indist_acc_no_sp_corr": 0.7458599805831909, "PISCO_ood_acc_no_sp_corr": 0.5454800128936768, "PISCO_indist_t5_acc_no_sp_corr": 0.9182000160217285, "PISCO_ood_t5_acc_no_sp_corr": 0.7750599980354309}