{"dataset": "imagenet", "extractor": "resnet", "transformation_type": "girl_sketch_val", "epochs": 50, "batch_size": 32768, "learning_rate": 0.0001, "lamda": 50, "eta": 1.0, "seed": 0, "baseline_indist_acc_no_sp_corr": 0.7574599981307983, "baseline_ood_acc_no_sp_corr": 0.47742000222206116, "baseline_indist_t5_acc_no_sp_corr": 0.9276599884033203, "baseline_ood_t5_acc_no_sp_corr": 0.711679995059967, "PISCO_indist_acc_no_sp_corr": 0.7574399709701538, "PISCO_ood_acc_no_sp_corr": 0.5185199975967407, "PISCO_indist_t5_acc_no_sp_corr": 0.928600013256073, "PISCO_ood_t5_acc_no_sp_corr": 0.7562999725341797}