{"dataset": "imagenet", "extractor": "resnet", "transformation_type": "picasso_original_val", "epochs": 50, "batch_size": 32768, "learning_rate": 0.001, "lamda": 10, "eta": 1.0, "seed": 0, "baseline_indist_acc_no_sp_corr": 0.7480800151824951, "baseline_ood_acc_no_sp_corr": 0.4401400089263916, "baseline_indist_t5_acc_no_sp_corr": 0.9225599765777588, "baseline_ood_t5_acc_no_sp_corr": 0.6751000285148621, "PISCO_indist_acc_no_sp_corr": 0.7527400255203247, "PISCO_ood_acc_no_sp_corr": 0.4790399968624115, "PISCO_indist_t5_acc_no_sp_corr": 0.9253000020980835, "PISCO_ood_t5_acc_no_sp_corr": 0.7137600183486938}