{"dataset": "imagenet", "extractor": "resnet", "transformation_type": "dog_sketch_val", "epochs": 50, "batch_size": 32768, "learning_rate": 0.001, "lamda": 50, "eta": 0.93, "seed": 0, "baseline_indist_acc_no_sp_corr": 0.7481600046157837, "baseline_ood_acc_no_sp_corr": 0.4837000072002411, "baseline_indist_t5_acc_no_sp_corr": 0.9225199818611145, "baseline_ood_t5_acc_no_sp_corr": 0.7214000225067139, "PISCO_indist_acc_no_sp_corr": 0.7486799955368042, "PISCO_ood_acc_no_sp_corr": 0.5047199726104736, "PISCO_indist_t5_acc_no_sp_corr": 0.919160008430481, "PISCO_ood_t5_acc_no_sp_corr": 0.7123399972915649}