{"dataset": "imagenet", "extractor": "resnet", "transformation_type": "girl_sketch_val", "epochs": 50, "batch_size": 32768, "learning_rate": 0.0001, "lamda": 10, "eta": 0.9, "seed": 0, "baseline_indist_acc_no_sp_corr": 0.7576000094413757, "baseline_ood_acc_no_sp_corr": 0.47679999470710754, "baseline_indist_t5_acc_no_sp_corr": 0.9273800253868103, "baseline_ood_t5_acc_no_sp_corr": 0.7115399837493896, "PISCO_indist_acc_no_sp_corr": 0.7406399846076965, "PISCO_ood_acc_no_sp_corr": 0.49017998576164246, "PISCO_indist_t5_acc_no_sp_corr": 0.9101600050926208, "PISCO_ood_t5_acc_no_sp_corr": 0.6926800012588501}