{"dataset": "imagenet", "extractor": "resnet", "transformation_type": "picasso_original_val", "epochs": 50, "batch_size": 32768, "learning_rate": 0.0001, "lamda": 10, "eta": 0.98, "seed": 0, "baseline_indist_acc_no_sp_corr": 0.7571799755096436, "baseline_ood_acc_no_sp_corr": 0.4738999903202057, "baseline_indist_t5_acc_no_sp_corr": 0.9274200201034546, "baseline_ood_t5_acc_no_sp_corr": 0.7063800096511841, "PISCO_indist_acc_no_sp_corr": 0.7509199976921082, "PISCO_ood_acc_no_sp_corr": 0.5115200281143188, "PISCO_indist_t5_acc_no_sp_corr": 0.921280026435852, "PISCO_ood_t5_acc_no_sp_corr": 0.7372599840164185}