{"dataset": "imagenet", "extractor": "resnet", "transformation_type": "girl_sketch_val", "epochs": 50, "batch_size": 32768, "learning_rate": 0.0001, "lamda": 1, "eta": 0.95, "seed": 0, "baseline_indist_acc_no_sp_corr": 0.7574599981307983, "baseline_ood_acc_no_sp_corr": 0.47773998975753784, "baseline_indist_t5_acc_no_sp_corr": 0.9272199869155884, "baseline_ood_t5_acc_no_sp_corr": 0.7123600244522095, "PISCO_indist_acc_no_sp_corr": 0.748740017414093, "PISCO_ood_acc_no_sp_corr": 0.5183200240135193, "PISCO_indist_t5_acc_no_sp_corr": 0.9211599826812744, "PISCO_ood_t5_acc_no_sp_corr": 0.7517600059509277}