{"dataset": "imagenet", "extractor": "resnet", "transformation_type": "girl_sketch_val", "epochs": 50, "batch_size": 32768, "learning_rate": 0.001, "lamda": 10, "eta": 0.95, "seed": 0, "baseline_indist_acc_no_sp_corr": 0.7483999729156494, "baseline_ood_acc_no_sp_corr": 0.44345998764038086, "baseline_indist_t5_acc_no_sp_corr": 0.9226599931716919, "baseline_ood_t5_acc_no_sp_corr": 0.6792200207710266, "PISCO_indist_acc_no_sp_corr": 0.7493799924850464, "PISCO_ood_acc_no_sp_corr": 0.47374001145362854, "PISCO_indist_t5_acc_no_sp_corr": 0.9199399948120117, "PISCO_ood_t5_acc_no_sp_corr": 0.6888399720191956}