{"dataset": "imagenet", "extractor": "resnet", "transformation_type": "dog_sketch_val", "epochs": 50, "batch_size": 32768, "learning_rate": 0.0001, "lamda": 1, "eta": 0.9, "seed": 0, "baseline_indist_acc_no_sp_corr": 0.7579200267791748, "baseline_ood_acc_no_sp_corr": 0.51419997215271, "baseline_indist_t5_acc_no_sp_corr": 0.927299976348877, "baseline_ood_t5_acc_no_sp_corr": 0.7519199848175049, "PISCO_indist_acc_no_sp_corr": 0.7428799867630005, "PISCO_ood_acc_no_sp_corr": 0.5420399904251099, "PISCO_indist_t5_acc_no_sp_corr": 0.9160599708557129, "PISCO_ood_t5_acc_no_sp_corr": 0.7693600058555603}