{"dataset": "imagenet", "extractor": "resnet", "transformation_type": "dog_sketch_val", "epochs": 50, "batch_size": 32768, "learning_rate": 0.0001, "lamda": 1, "eta": 0.98, "seed": 0, "baseline_indist_acc_no_sp_corr": 0.757420003414154, "baseline_ood_acc_no_sp_corr": 0.5148599743843079, "baseline_indist_t5_acc_no_sp_corr": 0.9275400042533875, "baseline_ood_t5_acc_no_sp_corr": 0.7520400285720825, "PISCO_indist_acc_no_sp_corr": 0.7544999718666077, "PISCO_ood_acc_no_sp_corr": 0.5526400208473206, "PISCO_indist_t5_acc_no_sp_corr": 0.9255599975585938, "PISCO_ood_t5_acc_no_sp_corr": 0.7848799824714661}