{"dataset": "imagenet", "extractor": "resnet", "transformation_type": "girl_sketch_val", "epochs": 50, "batch_size": 32768, "learning_rate": 0.001, "lamda": 50, "eta": 0.9, "seed": 0, "baseline_indist_acc_no_sp_corr": 0.7485600113868713, "baseline_ood_acc_no_sp_corr": 0.44339999556541443, "baseline_indist_t5_acc_no_sp_corr": 0.9227799773216248, "baseline_ood_t5_acc_no_sp_corr": 0.6792799830436707, "PISCO_indist_acc_no_sp_corr": 0.7503399848937988, "PISCO_ood_acc_no_sp_corr": 0.46116000413894653, "PISCO_indist_t5_acc_no_sp_corr": 0.9167400002479553, "PISCO_ood_t5_acc_no_sp_corr": 0.6605799794197083}