{"dataset": "imagenet", "extractor": "resnet", "transformation_type": "picasso_dog_val", "epochs": 50, "batch_size": 32768, "learning_rate": 0.0001, "lamda": 50, "eta": 0.95, "seed": 0, "baseline_indist_acc_no_sp_corr": 0.7576799988746643, "baseline_ood_acc_no_sp_corr": 0.4460200071334839, "baseline_indist_t5_acc_no_sp_corr": 0.9273599982261658, "baseline_ood_t5_acc_no_sp_corr": 0.6855999827384949, "PISCO_indist_acc_no_sp_corr": 0.7453600168228149, "PISCO_ood_acc_no_sp_corr": 0.48524001240730286, "PISCO_indist_t5_acc_no_sp_corr": 0.9165999889373779, "PISCO_ood_t5_acc_no_sp_corr": 0.7024199962615967}