{"dataset": "imagenet", "extractor": "resnet", "transformation_type": "girl_sketch_val", "epochs": 50, "batch_size": 32768, "learning_rate": 0.0001, "lamda": 1, "eta": 0.9, "seed": 0, "baseline_indist_acc_no_sp_corr": 0.7573000192642212, "baseline_ood_acc_no_sp_corr": 0.4772999882698059, "baseline_indist_t5_acc_no_sp_corr": 0.9271799921989441, "baseline_ood_t5_acc_no_sp_corr": 0.7109799981117249, "PISCO_indist_acc_no_sp_corr": 0.7432399988174438, "PISCO_ood_acc_no_sp_corr": 0.5113000273704529, "PISCO_indist_t5_acc_no_sp_corr": 0.9160400032997131, "PISCO_ood_t5_acc_no_sp_corr": 0.7425000071525574}