{"dataset": "imagenet", "extractor": "resnet", "transformation_type": "picasso_original_val", "epochs": 50, "batch_size": 32768, "learning_rate": 0.0001, "lamda": 1, "eta": 0.98, "seed": 0, "baseline_indist_acc_no_sp_corr": 0.7576599717140198, "baseline_ood_acc_no_sp_corr": 0.47411999106407166, "baseline_indist_t5_acc_no_sp_corr": 0.9273599982261658, "baseline_ood_t5_acc_no_sp_corr": 0.7062399983406067, "PISCO_indist_acc_no_sp_corr": 0.7544199824333191, "PISCO_ood_acc_no_sp_corr": 0.5176600217819214, "PISCO_indist_t5_acc_no_sp_corr": 0.9248600006103516, "PISCO_ood_t5_acc_no_sp_corr": 0.7520400285720825}