{"dataset": "imagenet", "extractor": "resnet", "transformation_type": "dog_sketch_val", "epochs": 50, "batch_size": 32768, "learning_rate": 0.001, "lamda": 1, "eta": 0.95, "seed": 0, "baseline_indist_acc_no_sp_corr": 0.7483599781990051, "baseline_ood_acc_no_sp_corr": 0.4839000105857849, "baseline_indist_t5_acc_no_sp_corr": 0.9224399924278259, "baseline_ood_t5_acc_no_sp_corr": 0.7217400074005127, "PISCO_indist_acc_no_sp_corr": 0.752020001411438, "PISCO_ood_acc_no_sp_corr": 0.5260999798774719, "PISCO_indist_t5_acc_no_sp_corr": 0.9233800172805786, "PISCO_ood_t5_acc_no_sp_corr": 0.7606599926948547}