{"dataset": "imagenet", "extractor": "resnet", "transformation_type": "picasso_original_val", "epochs": 50, "batch_size": 32768, "learning_rate": 0.001, "lamda": 1, "eta": 1.0, "seed": 0, "baseline_indist_acc_no_sp_corr": 0.7479599714279175, "baseline_ood_acc_no_sp_corr": 0.44005998969078064, "baseline_indist_t5_acc_no_sp_corr": 0.9226800203323364, "baseline_ood_t5_acc_no_sp_corr": 0.6755800247192383, "PISCO_indist_acc_no_sp_corr": 0.7532600164413452, "PISCO_ood_acc_no_sp_corr": 0.4805000126361847, "PISCO_indist_t5_acc_no_sp_corr": 0.9257400035858154, "PISCO_ood_t5_acc_no_sp_corr": 0.7152799963951111}