{"dataset": "imagenet", "extractor": "resnet", "transformation_type": "picasso_original_val", "epochs": 50, "batch_size": 32768, "learning_rate": 0.0001, "lamda": 10, "eta": 0.93, "seed": 0, "baseline_indist_acc_no_sp_corr": 0.757860004901886, "baseline_ood_acc_no_sp_corr": 0.47407999634742737, "baseline_indist_t5_acc_no_sp_corr": 0.927299976348877, "baseline_ood_t5_acc_no_sp_corr": 0.7058200240135193, "PISCO_indist_acc_no_sp_corr": 0.7430800199508667, "PISCO_ood_acc_no_sp_corr": 0.5009599924087524, "PISCO_indist_t5_acc_no_sp_corr": 0.9142199754714966, "PISCO_ood_t5_acc_no_sp_corr": 0.7093799710273743}