{"dataset": "imagenet", "extractor": "resnet", "transformation_type": "picasso_original_val", "epochs": 50, "batch_size": 32768, "learning_rate": 0.0001, "lamda": 10, "eta": 1.0, "seed": 0, "baseline_indist_acc_no_sp_corr": 0.7569599747657776, "baseline_ood_acc_no_sp_corr": 0.47360000014305115, "baseline_indist_t5_acc_no_sp_corr": 0.9271600246429443, "baseline_ood_t5_acc_no_sp_corr": 0.7059800028800964, "PISCO_indist_acc_no_sp_corr": 0.7573599815368652, "PISCO_ood_acc_no_sp_corr": 0.5180400013923645, "PISCO_indist_t5_acc_no_sp_corr": 0.928659975528717, "PISCO_ood_t5_acc_no_sp_corr": 0.7541599869728088}