{"dataset": "imagenet", "extractor": "resnet", "transformation_type": "picasso_original_val", "epochs": 50, "batch_size": 32768, "learning_rate": 0.001, "lamda": 1, "eta": 0.98, "seed": 0, "baseline_indist_acc_no_sp_corr": 0.7482399940490723, "baseline_ood_acc_no_sp_corr": 0.440420001745224, "baseline_indist_t5_acc_no_sp_corr": 0.9222800135612488, "baseline_ood_t5_acc_no_sp_corr": 0.6752600073814392, "PISCO_indist_acc_no_sp_corr": 0.7520999908447266, "PISCO_ood_acc_no_sp_corr": 0.4859600067138672, "PISCO_indist_t5_acc_no_sp_corr": 0.923740029335022, "PISCO_ood_t5_acc_no_sp_corr": 0.7215999960899353}