{"dataset": "imagenet", "extractor": "resnet", "transformation_type": "dog_sketch_val", "epochs": 50, "batch_size": 32768, "learning_rate": 0.0001, "lamda": 10, "eta": 0.98, "seed": 0, "baseline_indist_acc_no_sp_corr": 0.7573999762535095, "baseline_ood_acc_no_sp_corr": 0.5148400068283081, "baseline_indist_t5_acc_no_sp_corr": 0.9272599816322327, "baseline_ood_t5_acc_no_sp_corr": 0.7523000240325928, "PISCO_indist_acc_no_sp_corr": 0.7514200210571289, "PISCO_ood_acc_no_sp_corr": 0.5406399965286255, "PISCO_indist_t5_acc_no_sp_corr": 0.9215400218963623, "PISCO_ood_t5_acc_no_sp_corr": 0.7689999938011169}