{"dataset": "imagenet", "extractor": "resnet", "transformation_type": "picasso_dog_val", "epochs": 50, "batch_size": 32768, "learning_rate": 0.001, "lamda": 10, "eta": 0.93, "seed": 0, "baseline_indist_acc_no_sp_corr": 0.7486000061035156, "baseline_ood_acc_no_sp_corr": 0.41374000906944275, "baseline_indist_t5_acc_no_sp_corr": 0.9220399856567383, "baseline_ood_t5_acc_no_sp_corr": 0.6530600190162659, "PISCO_indist_acc_no_sp_corr": 0.7492600083351135, "PISCO_ood_acc_no_sp_corr": 0.448199987411499, "PISCO_indist_t5_acc_no_sp_corr": 0.918940007686615, "PISCO_ood_t5_acc_no_sp_corr": 0.6590200066566467}