{"dataset": "imagenet", "extractor": "resnet", "transformation_type": "girl_sketch_val", "epochs": 50, "batch_size": 32768, "learning_rate": 0.001, "lamda": 50, "eta": 1.0, "seed": 0, "baseline_indist_acc_no_sp_corr": 0.7486799955368042, "baseline_ood_acc_no_sp_corr": 0.44411998987197876, "baseline_indist_t5_acc_no_sp_corr": 0.9224200248718262, "baseline_ood_t5_acc_no_sp_corr": 0.6791200041770935, "PISCO_indist_acc_no_sp_corr": 0.7529799938201904, "PISCO_ood_acc_no_sp_corr": 0.4785799980163574, "PISCO_indist_t5_acc_no_sp_corr": 0.9257000088691711, "PISCO_ood_t5_acc_no_sp_corr": 0.7163199782371521}