{"dataset": "imagenet", "extractor": "resnet", "transformation_type": "picasso_dog_val", "epochs": 50, "batch_size": 32768, "learning_rate": 0.0001, "lamda": 10, "eta": 1.0, "seed": 0, "baseline_indist_acc_no_sp_corr": 0.7572199702262878, "baseline_ood_acc_no_sp_corr": 0.444379985332489, "baseline_indist_t5_acc_no_sp_corr": 0.9274200201034546, "baseline_ood_t5_acc_no_sp_corr": 0.6865599751472473, "PISCO_indist_acc_no_sp_corr": 0.7569400072097778, "PISCO_ood_acc_no_sp_corr": 0.49893999099731445, "PISCO_indist_t5_acc_no_sp_corr": 0.9285399913787842, "PISCO_ood_t5_acc_no_sp_corr": 0.7437000274658203}