{"dataset": "imagenet", "extractor": "resnet", "transformation_type": "picasso_dog_val", "epochs": 50, "batch_size": 32768, "learning_rate": 0.0001, "lamda": 50, "eta": 1.0, "seed": 0, "baseline_indist_acc_no_sp_corr": 0.7570400238037109, "baseline_ood_acc_no_sp_corr": 0.4462999999523163, "baseline_indist_t5_acc_no_sp_corr": 0.9274799823760986, "baseline_ood_t5_acc_no_sp_corr": 0.6865599751472473, "PISCO_indist_acc_no_sp_corr": 0.7574800252914429, "PISCO_ood_acc_no_sp_corr": 0.5008000135421753, "PISCO_indist_t5_acc_no_sp_corr": 0.9285600185394287, "PISCO_ood_t5_acc_no_sp_corr": 0.7448599934577942}