{"dataset": "imagenet", "extractor": "resnet", "transformation_type": "picasso_original_val", "epochs": 50, "batch_size": 32768, "learning_rate": 0.001, "lamda": 1, "eta": 0.9, "seed": 0, "baseline_indist_acc_no_sp_corr": 0.7478600144386292, "baseline_ood_acc_no_sp_corr": 0.44036000967025757, "baseline_indist_t5_acc_no_sp_corr": 0.9227399826049805, "baseline_ood_t5_acc_no_sp_corr": 0.6751000285148621, "PISCO_indist_acc_no_sp_corr": 0.7521600127220154, "PISCO_ood_acc_no_sp_corr": 0.49257999658584595, "PISCO_indist_t5_acc_no_sp_corr": 0.9220799803733826, "PISCO_ood_t5_acc_no_sp_corr": 0.724399983882904}