{"dataset": "imagenet", "extractor": "resnet", "transformation_type": "dog_sketch_val", "epochs": 50, "batch_size": 32768, "learning_rate": 0.001, "lamda": 50, "eta": 0.98, "seed": 0, "baseline_indist_acc_no_sp_corr": 0.7484800219535828, "baseline_ood_acc_no_sp_corr": 0.48423999547958374, "baseline_indist_t5_acc_no_sp_corr": 0.9228399991989136, "baseline_ood_t5_acc_no_sp_corr": 0.7217000126838684, "PISCO_indist_acc_no_sp_corr": 0.7511000037193298, "PISCO_ood_acc_no_sp_corr": 0.5114399790763855, "PISCO_indist_t5_acc_no_sp_corr": 0.92194002866745, "PISCO_ood_t5_acc_no_sp_corr": 0.7345399856567383}