{"dataset": "imagenet", "extractor": "resnet", "transformation_type": "picasso_dog_val", "epochs": 50, "batch_size": 32768, "learning_rate": 0.0001, "lamda": 10, "eta": 0.95, "seed": 0, "baseline_indist_acc_no_sp_corr": 0.7578799724578857, "baseline_ood_acc_no_sp_corr": 0.44530001282691956, "baseline_indist_t5_acc_no_sp_corr": 0.9271799921989441, "baseline_ood_t5_acc_no_sp_corr": 0.6861600279808044, "PISCO_indist_acc_no_sp_corr": 0.7456600069999695, "PISCO_ood_acc_no_sp_corr": 0.4862000048160553, "PISCO_indist_t5_acc_no_sp_corr": 0.9168800115585327, "PISCO_ood_t5_acc_no_sp_corr": 0.7053999900817871}