{"dataset": "imagenet", "extractor": "resnet", "transformation_type": "dog_sketch_val", "epochs": 50, "batch_size": 32768, "learning_rate": 0.001, "lamda": 1, "eta": 0.93, "seed": 0, "baseline_indist_acc_no_sp_corr": 0.7482799887657166, "baseline_ood_acc_no_sp_corr": 0.48363998532295227, "baseline_indist_t5_acc_no_sp_corr": 0.9226400256156921, "baseline_ood_t5_acc_no_sp_corr": 0.7213600277900696, "PISCO_indist_acc_no_sp_corr": 0.751579999923706, "PISCO_ood_acc_no_sp_corr": 0.5285800099372864, "PISCO_indist_t5_acc_no_sp_corr": 0.9234200119972229, "PISCO_ood_t5_acc_no_sp_corr": 0.7602800130844116}