{"dataset": "imagenet", "extractor": "resnet", "transformation_type": "picasso_dog_val", "epochs": 50, "batch_size": 32768, "learning_rate": 0.001, "lamda": 1, "eta": 0.95, "seed": 0, "baseline_indist_acc_no_sp_corr": 0.7480999827384949, "baseline_ood_acc_no_sp_corr": 0.4138199985027313, "baseline_indist_t5_acc_no_sp_corr": 0.9227200150489807, "baseline_ood_t5_acc_no_sp_corr": 0.6528000235557556, "PISCO_indist_acc_no_sp_corr": 0.7520599961280823, "PISCO_ood_acc_no_sp_corr": 0.47262001037597656, "PISCO_indist_t5_acc_no_sp_corr": 0.9235600233078003, "PISCO_ood_t5_acc_no_sp_corr": 0.7136800289154053}