{"dataset": "imagenet", "extractor": "resnet", "transformation_type": "dog_sketch_val", "epochs": 50, "batch_size": 32768, "learning_rate": 0.0001, "lamda": 10, "eta": 0.9, "seed": 0, "baseline_indist_acc_no_sp_corr": 0.7575600147247314, "baseline_ood_acc_no_sp_corr": 0.514959990978241, "baseline_indist_t5_acc_no_sp_corr": 0.9275599718093872, "baseline_ood_t5_acc_no_sp_corr": 0.7517200112342834, "PISCO_indist_acc_no_sp_corr": 0.7402799725532532, "PISCO_ood_acc_no_sp_corr": 0.5222399830818176, "PISCO_indist_t5_acc_no_sp_corr": 0.9100199937820435, "PISCO_ood_t5_acc_no_sp_corr": 0.7234600186347961}