{"dataset": "imagenet", "extractor": "resnet", "transformation_type": "picasso_original_val", "epochs": 50, "batch_size": 32768, "learning_rate": 0.001, "lamda": 10, "eta": 0.98, "seed": 0, "baseline_indist_acc_no_sp_corr": 0.748199999332428, "baseline_ood_acc_no_sp_corr": 0.4403800070285797, "baseline_indist_t5_acc_no_sp_corr": 0.9226400256156921, "baseline_ood_t5_acc_no_sp_corr": 0.6751199960708618, "PISCO_indist_acc_no_sp_corr": 0.7503799796104431, "PISCO_ood_acc_no_sp_corr": 0.4755200147628784, "PISCO_indist_t5_acc_no_sp_corr": 0.9220200181007385, "PISCO_ood_t5_acc_no_sp_corr": 0.6975200176239014}