{"dataset": "imagenet", "extractor": "resnet", "transformation_type": "picasso_original_val", "epochs": 50, "batch_size": 32768, "learning_rate": 0.001, "lamda": 50, "eta": 1.0, "seed": 0, "baseline_indist_acc_no_sp_corr": 0.7486600279808044, "baseline_ood_acc_no_sp_corr": 0.4401800036430359, "baseline_indist_t5_acc_no_sp_corr": 0.9223200082778931, "baseline_ood_t5_acc_no_sp_corr": 0.6754800081253052, "PISCO_indist_acc_no_sp_corr": 0.7530199885368347, "PISCO_ood_acc_no_sp_corr": 0.48107999563217163, "PISCO_indist_t5_acc_no_sp_corr": 0.925819993019104, "PISCO_ood_t5_acc_no_sp_corr": 0.7146199941635132}