{"dataset": "imagenet", "extractor": "resnet", "transformation_type": "girl_sketch_val", "epochs": 50, "batch_size": 32768, "learning_rate": 0.0001, "lamda": 10, "eta": 0.98, "seed": 0, "baseline_indist_acc_no_sp_corr": 0.7580400109291077, "baseline_ood_acc_no_sp_corr": 0.477620005607605, "baseline_indist_t5_acc_no_sp_corr": 0.9272800087928772, "baseline_ood_t5_acc_no_sp_corr": 0.7123600244522095, "PISCO_indist_acc_no_sp_corr": 0.751800000667572, "PISCO_ood_acc_no_sp_corr": 0.5121600031852722, "PISCO_indist_t5_acc_no_sp_corr": 0.9209200143814087, "PISCO_ood_t5_acc_no_sp_corr": 0.7395600080490112}