{"dataset": "imagenet", "extractor": "resnet", "transformation_type": "girl_sketch_val", "epochs": 50, "batch_size": 32768, "learning_rate": 0.001, "lamda": 10, "eta": 0.98, "seed": 0, "baseline_indist_acc_no_sp_corr": 0.748420000076294, "baseline_ood_acc_no_sp_corr": 0.44339999556541443, "baseline_indist_t5_acc_no_sp_corr": 0.9225999712944031, "baseline_ood_t5_acc_no_sp_corr": 0.6787599921226501, "PISCO_indist_acc_no_sp_corr": 0.7504600286483765, "PISCO_ood_acc_no_sp_corr": 0.47641998529434204, "PISCO_indist_t5_acc_no_sp_corr": 0.92194002866745, "PISCO_ood_t5_acc_no_sp_corr": 0.700439989566803}