{"dataset": "imagenet", "extractor": "resnet", "transformation_type": "picasso_dog_val", "epochs": 50, "batch_size": 32768, "learning_rate": 0.0001, "lamda": 1, "eta": 0.9, "seed": 0, "baseline_indist_acc_no_sp_corr": 0.7575399875640869, "baseline_ood_acc_no_sp_corr": 0.44547998905181885, "baseline_indist_t5_acc_no_sp_corr": 0.9275400042533875, "baseline_ood_t5_acc_no_sp_corr": 0.6858000159263611, "PISCO_indist_acc_no_sp_corr": 0.7427399754524231, "PISCO_ood_acc_no_sp_corr": 0.4950000047683716, "PISCO_indist_t5_acc_no_sp_corr": 0.9157000184059143, "PISCO_ood_t5_acc_no_sp_corr": 0.730239987373352}