{"dataset": "imagenet", "extractor": "resnet", "transformation_type": "picasso_dog_val", "epochs": 50, "batch_size": 32768, "learning_rate": 0.0001, "lamda": 10, "eta": 0.98, "seed": 0, "baseline_indist_acc_no_sp_corr": 0.7582799792289734, "baseline_ood_acc_no_sp_corr": 0.44683998823165894, "baseline_indist_t5_acc_no_sp_corr": 0.927299976348877, "baseline_ood_t5_acc_no_sp_corr": 0.686680018901825, "PISCO_indist_acc_no_sp_corr": 0.7511799931526184, "PISCO_ood_acc_no_sp_corr": 0.4920800030231476, "PISCO_indist_t5_acc_no_sp_corr": 0.921500027179718, "PISCO_ood_t5_acc_no_sp_corr": 0.7246999740600586}