{"dataset": "imagenet", "extractor": "resnet", "transformation_type": "picasso_original_val", "epochs": 50, "batch_size": 32768, "learning_rate": 0.0001, "lamda": 1, "eta": 0.9, "seed": 0, "baseline_indist_acc_no_sp_corr": 0.7570400238037109, "baseline_ood_acc_no_sp_corr": 0.4737200140953064, "baseline_indist_t5_acc_no_sp_corr": 0.9273800253868103, "baseline_ood_t5_acc_no_sp_corr": 0.7060400247573853, "PISCO_indist_acc_no_sp_corr": 0.7435200214385986, "PISCO_ood_acc_no_sp_corr": 0.5077599883079529, "PISCO_indist_t5_acc_no_sp_corr": 0.9154999852180481, "PISCO_ood_t5_acc_no_sp_corr": 0.7374200224876404}