{"dataset": "imagenet", "extractor": "resnet", "transformation_type": "picasso_dog_val", "epochs": 50, "batch_size": 32768, "learning_rate": 0.001, "lamda": 50, "eta": 0.93, "seed": 0, "baseline_indist_acc_no_sp_corr": 0.7485799789428711, "baseline_ood_acc_no_sp_corr": 0.41402000188827515, "baseline_indist_t5_acc_no_sp_corr": 0.9225599765777588, "baseline_ood_t5_acc_no_sp_corr": 0.6529200077056885, "PISCO_indist_acc_no_sp_corr": 0.7492799758911133, "PISCO_ood_acc_no_sp_corr": 0.4450800120830536, "PISCO_indist_t5_acc_no_sp_corr": 0.9189800024032593, "PISCO_ood_t5_acc_no_sp_corr": 0.6518800258636475}