{"dataset": "imagenet", "extractor": "resnet", "transformation_type": "picasso_dog_val", "epochs": 50, "batch_size": 32768, "learning_rate": 0.001, "lamda": 1, "eta": 1.0, "seed": 0, "baseline_indist_acc_no_sp_corr": 0.748520016670227, "baseline_ood_acc_no_sp_corr": 0.41356000304222107, "baseline_indist_t5_acc_no_sp_corr": 0.9226800203323364, "baseline_ood_t5_acc_no_sp_corr": 0.6531400084495544, "PISCO_indist_acc_no_sp_corr": 0.7530999779701233, "PISCO_ood_acc_no_sp_corr": 0.4602000117301941, "PISCO_indist_t5_acc_no_sp_corr": 0.9253399968147278, "PISCO_ood_t5_acc_no_sp_corr": 0.7004200220108032}