{"dataset": "imagenet", "extractor": "resnet", "transformation_type": "dog_sketch_val", "epochs": 50, "batch_size": 32768, "learning_rate": 0.001, "lamda": 10, "eta": 0.98, "seed": 0, "baseline_indist_acc_no_sp_corr": 0.7480199933052063, "baseline_ood_acc_no_sp_corr": 0.484360009431839, "baseline_indist_t5_acc_no_sp_corr": 0.9223999977111816, "baseline_ood_t5_acc_no_sp_corr": 0.7216600179672241, "PISCO_indist_acc_no_sp_corr": 0.7503799796104431, "PISCO_ood_acc_no_sp_corr": 0.5113000273704529, "PISCO_indist_t5_acc_no_sp_corr": 0.9221000075340271, "PISCO_ood_t5_acc_no_sp_corr": 0.7358400225639343}