{"dataset": "imagenet", "extractor": "resnet", "transformation_type": "picasso_original_val", "epochs": 50, "batch_size": 32768, "learning_rate": 0.0001, "lamda": 50, "eta": 0.98, "seed": 0, "baseline_indist_acc_no_sp_corr": 0.7572399973869324, "baseline_ood_acc_no_sp_corr": 0.4749400019645691, "baseline_indist_t5_acc_no_sp_corr": 0.9277200102806091, "baseline_ood_t5_acc_no_sp_corr": 0.7064399719238281, "PISCO_indist_acc_no_sp_corr": 0.7511199712753296, "PISCO_ood_acc_no_sp_corr": 0.5117999911308289, "PISCO_indist_t5_acc_no_sp_corr": 0.9210000038146973, "PISCO_ood_t5_acc_no_sp_corr": 0.7366600036621094}