{"dataset": "imagenet", "extractor": "resnet", "transformation_type": "picasso_dog_val", "epochs": 50, "batch_size": 32768, "learning_rate": 0.001, "lamda": 50, "eta": 0.9, "seed": 0, "baseline_indist_acc_no_sp_corr": 0.7483199834823608, "baseline_ood_acc_no_sp_corr": 0.4138999879360199, "baseline_indist_t5_acc_no_sp_corr": 0.92221999168396, "baseline_ood_t5_acc_no_sp_corr": 0.6523600220680237, "PISCO_indist_acc_no_sp_corr": 0.7504400014877319, "PISCO_ood_acc_no_sp_corr": 0.43827998638153076, "PISCO_indist_t5_acc_no_sp_corr": 0.9168400168418884, "PISCO_ood_t5_acc_no_sp_corr": 0.6359800100326538}