{"dataset": "imagenet", "extractor": "resnet", "transformation_type": "picasso_dog_val", "epochs": 50, "batch_size": 32768, "learning_rate": 0.001, "lamda": 10, "eta": 1.0, "seed": 0, "baseline_indist_acc_no_sp_corr": 0.7481600046157837, "baseline_ood_acc_no_sp_corr": 0.41335999965667725, "baseline_indist_t5_acc_no_sp_corr": 0.92221999168396, "baseline_ood_t5_acc_no_sp_corr": 0.6528199911117554, "PISCO_indist_acc_no_sp_corr": 0.7527199983596802, "PISCO_ood_acc_no_sp_corr": 0.4609000086784363, "PISCO_indist_t5_acc_no_sp_corr": 0.9255200028419495, "PISCO_ood_t5_acc_no_sp_corr": 0.7028399705886841}