{"dataset": "imagenet", "extractor": "resnet", "transformation_type": "picasso_dog_val", "epochs": 50, "batch_size": 32768, "learning_rate": 0.001, "lamda": 1, "eta": 0.9, "seed": 0, "baseline_indist_acc_no_sp_corr": 0.7480599880218506, "baseline_ood_acc_no_sp_corr": 0.4137600064277649, "baseline_indist_t5_acc_no_sp_corr": 0.9225199818611145, "baseline_ood_t5_acc_no_sp_corr": 0.6523399949073792, "PISCO_indist_acc_no_sp_corr": 0.7525799870491028, "PISCO_ood_acc_no_sp_corr": 0.4760400056838989, "PISCO_indist_t5_acc_no_sp_corr": 0.92221999168396, "PISCO_ood_t5_acc_no_sp_corr": 0.7154200077056885}