{"dataset": "imagenet", "extractor": "resnet", "transformation_type": "girl_sketch_val", "epochs": 50, "batch_size": 32768, "learning_rate": 0.001, "lamda": 50, "eta": 0.95, "seed": 0, "baseline_indist_acc_no_sp_corr": 0.7480599880218506, "baseline_ood_acc_no_sp_corr": 0.44359999895095825, "baseline_indist_t5_acc_no_sp_corr": 0.9224600195884705, "baseline_ood_t5_acc_no_sp_corr": 0.6790000200271606, "PISCO_indist_acc_no_sp_corr": 0.7498999834060669, "PISCO_ood_acc_no_sp_corr": 0.4728600084781647, "PISCO_indist_t5_acc_no_sp_corr": 0.9196000099182129, "PISCO_ood_t5_acc_no_sp_corr": 0.6835799813270569}