{"dataset": "imagenet", "extractor": "resnet", "transformation_type": "dog_sketch_val", "epochs": 50, "batch_size": 32768, "learning_rate": 0.001, "lamda": 1, "eta": 1.0, "seed": 0, "baseline_indist_acc_no_sp_corr": 0.7480999827384949, "baseline_ood_acc_no_sp_corr": 0.4839400053024292, "baseline_indist_t5_acc_no_sp_corr": 0.9223799705505371, "baseline_ood_t5_acc_no_sp_corr": 0.7214599847793579, "PISCO_indist_acc_no_sp_corr": 0.75382000207901, "PISCO_ood_acc_no_sp_corr": 0.5177800059318542, "PISCO_indist_t5_acc_no_sp_corr": 0.9258599877357483, "PISCO_ood_t5_acc_no_sp_corr": 0.7544199824333191}