{"dataset": "imagenet", "extractor": "resnet", "transformation_type": "girl_sketch_val", "epochs": 50, "batch_size": 32768, "learning_rate": 0.0001, "lamda": 50, "eta": 0.93, "seed": 0, "baseline_indist_acc_no_sp_corr": 0.7570000290870667, "baseline_ood_acc_no_sp_corr": 0.47749999165534973, "baseline_indist_t5_acc_no_sp_corr": 0.9273399710655212, "baseline_ood_t5_acc_no_sp_corr": 0.7113800048828125, "PISCO_indist_acc_no_sp_corr": 0.7434399724006653, "PISCO_ood_acc_no_sp_corr": 0.49818000197410583, "PISCO_indist_t5_acc_no_sp_corr": 0.9137600064277649, "PISCO_ood_t5_acc_no_sp_corr": 0.7045999765396118}