{"dataset": "imagenet", "extractor": "resnet", "transformation_type": "dog_sketch_val", "epochs": 50, "batch_size": 32768, "learning_rate": 0.0001, "lamda": 1, "eta": 0.95, "seed": 0, "baseline_indist_acc_no_sp_corr": 0.7571200132369995, "baseline_ood_acc_no_sp_corr": 0.5156400203704834, "baseline_indist_t5_acc_no_sp_corr": 0.9271600246429443, "baseline_ood_t5_acc_no_sp_corr": 0.7516800165176392, "PISCO_indist_acc_no_sp_corr": 0.7491400241851807, "PISCO_ood_acc_no_sp_corr": 0.5463799834251404, "PISCO_indist_t5_acc_no_sp_corr": 0.9207199811935425, "PISCO_ood_t5_acc_no_sp_corr": 0.7774199843406677}