{"dataset": "imagenet", "extractor": "resnet", "transformation_type": "picasso_dog_val", "epochs": 50, "batch_size": 32768, "learning_rate": 0.001, "lamda": 1, "eta": 0.93, "seed": 0, "baseline_indist_acc_no_sp_corr": 0.7478799819946289, "baseline_ood_acc_no_sp_corr": 0.41411998867988586, "baseline_indist_t5_acc_no_sp_corr": 0.9224399924278259, "baseline_ood_t5_acc_no_sp_corr": 0.6529399752616882, "PISCO_indist_acc_no_sp_corr": 0.7519000172615051, "PISCO_ood_acc_no_sp_corr": 0.4742400050163269, "PISCO_indist_t5_acc_no_sp_corr": 0.9236000180244446, "PISCO_ood_t5_acc_no_sp_corr": 0.7134400010108948}