{"dataset": "imagenet", "extractor": "resnet", "transformation_type": "girl_sketch_val", "epochs": 50, "batch_size": 32768, "learning_rate": 0.0001, "lamda": 10, "eta": 0.93, "seed": 0, "baseline_indist_acc_no_sp_corr": 0.7572600245475769, "baseline_ood_acc_no_sp_corr": 0.47793999314308167, "baseline_indist_t5_acc_no_sp_corr": 0.9271799921989441, "baseline_ood_t5_acc_no_sp_corr": 0.7121599912643433, "PISCO_indist_acc_no_sp_corr": 0.7429999709129333, "PISCO_ood_acc_no_sp_corr": 0.5003200173377991, "PISCO_indist_t5_acc_no_sp_corr": 0.9139400124549866, "PISCO_ood_t5_acc_no_sp_corr": 0.7103000283241272}