{"dataset": "imagenet", "extractor": "resnet", "transformation_type": "girl_sketch_val", "epochs": 50, "batch_size": 32768, "learning_rate": 0.001, "lamda": 1, "eta": 1.0, "seed": 0, "baseline_indist_acc_no_sp_corr": 0.7475799918174744, "baseline_ood_acc_no_sp_corr": 0.4440000057220459, "baseline_indist_t5_acc_no_sp_corr": 0.9225199818611145, "baseline_ood_t5_acc_no_sp_corr": 0.6791999936103821, "PISCO_indist_acc_no_sp_corr": 0.7530999779701233, "PISCO_ood_acc_no_sp_corr": 0.48076000809669495, "PISCO_indist_t5_acc_no_sp_corr": 0.925819993019104, "PISCO_ood_t5_acc_no_sp_corr": 0.7183399796485901}