{"dataset": "imagenet", "extractor": "resnet", "transformation_type": "picasso_original_val", "epochs": 50, "batch_size": 32768, "learning_rate": 0.001, "lamda": 10, "eta": 0.93, "seed": 0, "baseline_indist_acc_no_sp_corr": 0.7484599947929382, "baseline_ood_acc_no_sp_corr": 0.4405600130558014, "baseline_indist_t5_acc_no_sp_corr": 0.9224799871444702, "baseline_ood_t5_acc_no_sp_corr": 0.675320029258728, "PISCO_indist_acc_no_sp_corr": 0.7493399977684021, "PISCO_ood_acc_no_sp_corr": 0.4691599905490875, "PISCO_indist_t5_acc_no_sp_corr": 0.9188799858093262, "PISCO_ood_t5_acc_no_sp_corr": 0.6777799725532532}