{"dataset": "imagenet", "extractor": "resnet", "transformation_type": "picasso_original_val", "epochs": 50, "batch_size": 32768, "learning_rate": 0.0001, "lamda": 1, "eta": 0.95, "seed": 0, "baseline_indist_acc_no_sp_corr": 0.7580199837684631, "baseline_ood_acc_no_sp_corr": 0.4735200107097626, "baseline_indist_t5_acc_no_sp_corr": 0.9274399876594543, "baseline_ood_t5_acc_no_sp_corr": 0.7061799764633179, "PISCO_indist_acc_no_sp_corr": 0.748960018157959, "PISCO_ood_acc_no_sp_corr": 0.5141000151634216, "PISCO_indist_t5_acc_no_sp_corr": 0.9210799932479858, "PISCO_ood_t5_acc_no_sp_corr": 0.7465199828147888}