{"dataset": "imagenet", "extractor": "resnet", "transformation_type": "dog_sketch_val", "epochs": 50, "batch_size": 32768, "learning_rate": 0.001, "lamda": 50, "eta": 1.0, "seed": 0, "baseline_indist_acc_no_sp_corr": 0.7483000159263611, "baseline_ood_acc_no_sp_corr": 0.48423999547958374, "baseline_indist_t5_acc_no_sp_corr": 0.9225199818611145, "baseline_ood_t5_acc_no_sp_corr": 0.7213600277900696, "PISCO_indist_acc_no_sp_corr": 0.7529399991035461, "PISCO_ood_acc_no_sp_corr": 0.5151399970054626, "PISCO_indist_t5_acc_no_sp_corr": 0.925599992275238, "PISCO_ood_t5_acc_no_sp_corr": 0.752240002155304}