{"dataset": "imagenet", "extractor": "resnet", "transformation_type": "picasso_original_val", "epochs": 50, "batch_size": 32768, "learning_rate": 0.001, "lamda": 1, "eta": 0.93, "seed": 0, "baseline_indist_acc_no_sp_corr": 0.7482799887657166, "baseline_ood_acc_no_sp_corr": 0.4404999911785126, "baseline_indist_t5_acc_no_sp_corr": 0.9223799705505371, "baseline_ood_t5_acc_no_sp_corr": 0.6754199862480164, "PISCO_indist_acc_no_sp_corr": 0.7518399953842163, "PISCO_ood_acc_no_sp_corr": 0.4912799894809723, "PISCO_indist_t5_acc_no_sp_corr": 0.9235399961471558, "PISCO_ood_t5_acc_no_sp_corr": 0.7233399748802185}