{"dataset": "imagenet", "extractor": "resnet", "transformation_type": "dog_sketch_val", "epochs": 50, "batch_size": 32768, "learning_rate": 0.0001, "lamda": 50, "eta": 0.95, "seed": 0, "baseline_indist_acc_no_sp_corr": 0.7577800154685974, "baseline_ood_acc_no_sp_corr": 0.5151799917221069, "baseline_indist_t5_acc_no_sp_corr": 0.9273800253868103, "baseline_ood_t5_acc_no_sp_corr": 0.752020001411438, "PISCO_indist_acc_no_sp_corr": 0.7454000115394592, "PISCO_ood_acc_no_sp_corr": 0.5324199795722961, "PISCO_indist_t5_acc_no_sp_corr": 0.9163600206375122, "PISCO_ood_t5_acc_no_sp_corr": 0.7495200037956238}