{"dataset": "imagenet", "extractor": "resnet", "transformation_type": "dog_sketch_val", "epochs": 50, "batch_size": 32768, "learning_rate": 0.001, "lamda": 10, "eta": 0.9, "seed": 0, "baseline_indist_acc_no_sp_corr": 0.748420000076294, "baseline_ood_acc_no_sp_corr": 0.4841200113296509, "baseline_indist_t5_acc_no_sp_corr": 0.9228000044822693, "baseline_ood_t5_acc_no_sp_corr": 0.7218000292778015, "PISCO_indist_acc_no_sp_corr": 0.7501800060272217, "PISCO_ood_acc_no_sp_corr": 0.5012400150299072, "PISCO_indist_t5_acc_no_sp_corr": 0.9170799851417542, "PISCO_ood_t5_acc_no_sp_corr": 0.7053400278091431}