{"dataset": "imagenet", "extractor": "resnet", "transformation_type": "dog_sketch_val", "epochs": 50, "batch_size": 32768, "learning_rate": 0.001, "lamda": 50, "eta": 0.9, "seed": 0, "baseline_indist_acc_no_sp_corr": 0.7484999895095825, "baseline_ood_acc_no_sp_corr": 0.48396000266075134, "baseline_indist_t5_acc_no_sp_corr": 0.9226800203323364, "baseline_ood_t5_acc_no_sp_corr": 0.7218800187110901, "PISCO_indist_acc_no_sp_corr": 0.7502400279045105, "PISCO_ood_acc_no_sp_corr": 0.49838000535964966, "PISCO_indist_t5_acc_no_sp_corr": 0.9170200228691101, "PISCO_ood_t5_acc_no_sp_corr": 0.6976799964904785}