{"dataset": "imagenet", "extractor": "resnet", "transformation_type": "picasso_original_val", "epochs": 50, "batch_size": 32768, "learning_rate": 0.001, "lamda": 10, "eta": 0.95, "seed": 0, "baseline_indist_acc_no_sp_corr": 0.7480599880218506, "baseline_ood_acc_no_sp_corr": 0.4402799904346466, "baseline_indist_t5_acc_no_sp_corr": 0.922760009765625, "baseline_ood_t5_acc_no_sp_corr": 0.6751999855041504, "PISCO_indist_acc_no_sp_corr": 0.7495800256729126, "PISCO_ood_acc_no_sp_corr": 0.47231999039649963, "PISCO_indist_t5_acc_no_sp_corr": 0.9201400279998779, "PISCO_ood_t5_acc_no_sp_corr": 0.6874600052833557}