{"dataset": "imagenet", "extractor": "resnet", "transformation_type": "girl_sketch_val", "epochs": 50, "batch_size": 32768, "learning_rate": 0.001, "lamda": 50, "eta": 0.93, "seed": 0, "baseline_indist_acc_no_sp_corr": 0.7480599880218506, "baseline_ood_acc_no_sp_corr": 0.44391998648643494, "baseline_indist_t5_acc_no_sp_corr": 0.9224600195884705, "baseline_ood_t5_acc_no_sp_corr": 0.6795799732208252, "PISCO_indist_acc_no_sp_corr": 0.7489200234413147, "PISCO_ood_acc_no_sp_corr": 0.467960000038147, "PISCO_indist_t5_acc_no_sp_corr": 0.919160008430481, "PISCO_ood_t5_acc_no_sp_corr": 0.6732199788093567}