{"dataset": "imagenet", "extractor": "resnet", "transformation_type": "girl_sketch_val", "epochs": 50, "batch_size": 32768, "learning_rate": 0.001, "lamda": 10, "eta": 0.93, "seed": 0, "baseline_indist_acc_no_sp_corr": 0.7479199767112732, "baseline_ood_acc_no_sp_corr": 0.4436599910259247, "baseline_indist_t5_acc_no_sp_corr": 0.9225000143051147, "baseline_ood_t5_acc_no_sp_corr": 0.6790599822998047, "PISCO_indist_acc_no_sp_corr": 0.7493199706077576, "PISCO_ood_acc_no_sp_corr": 0.470660001039505, "PISCO_indist_t5_acc_no_sp_corr": 0.9187800288200378, "PISCO_ood_t5_acc_no_sp_corr": 0.6805199980735779}