{"dataset": "imagenet", "extractor": "resnet", "transformation_type": "picasso_original_val", "epochs": 50, "batch_size": 32768, "learning_rate": 0.001, "lamda": 50, "eta": 0.9, "seed": 0, "baseline_indist_acc_no_sp_corr": 0.7481799721717834, "baseline_ood_acc_no_sp_corr": 0.4406599998474121, "baseline_indist_t5_acc_no_sp_corr": 0.9223200082778931, "baseline_ood_t5_acc_no_sp_corr": 0.6751999855041504, "PISCO_indist_acc_no_sp_corr": 0.7503399848937988, "PISCO_ood_acc_no_sp_corr": 0.46077999472618103, "PISCO_indist_t5_acc_no_sp_corr": 0.9166600108146667, "PISCO_ood_t5_acc_no_sp_corr": 0.6593800187110901}