{"dataset": "imagenet", "extractor": "resnet", "transformation_type": "dog_sketch_val", "epochs": 50, "batch_size": 32768, "learning_rate": 0.0001, "lamda": 1, "eta": 1.0, "seed": 0, "baseline_indist_acc_no_sp_corr": 0.7575200200080872, "baseline_ood_acc_no_sp_corr": 0.5156199932098389, "baseline_indist_t5_acc_no_sp_corr": 0.9275199770927429, "baseline_ood_t5_acc_no_sp_corr": 0.7523400187492371, "PISCO_indist_acc_no_sp_corr": 0.7576599717140198, "PISCO_ood_acc_no_sp_corr": 0.551580011844635, "PISCO_indist_t5_acc_no_sp_corr": 0.9294000267982483, "PISCO_ood_t5_acc_no_sp_corr": 0.7867000102996826}