{"dataset": "imagenet", "extractor": "resnet", "transformation_type": "picasso_dog_val", "epochs": 50, "batch_size": 32768, "learning_rate": 0.0001, "lamda": 10, "eta": 0.9, "seed": 0, "baseline_indist_acc_no_sp_corr": 0.7577999830245972, "baseline_ood_acc_no_sp_corr": 0.4447399973869324, "baseline_indist_t5_acc_no_sp_corr": 0.9269800186157227, "baseline_ood_t5_acc_no_sp_corr": 0.6864399909973145, "PISCO_indist_acc_no_sp_corr": 0.7407400012016296, "PISCO_ood_acc_no_sp_corr": 0.47161999344825745, "PISCO_indist_t5_acc_no_sp_corr": 0.910260021686554, "PISCO_ood_t5_acc_no_sp_corr": 0.6722999811172485}