{"dataset": "imagenet", "extractor": "resnet", "transformation_type": "picasso_original_val", "epochs": 50, "batch_size": 32768, "learning_rate": 0.0001, "lamda": 50, "eta": 0.93, "seed": 0, "baseline_indist_acc_no_sp_corr": 0.7571399807929993, "baseline_ood_acc_no_sp_corr": 0.4746200144290924, "baseline_indist_t5_acc_no_sp_corr": 0.927299976348877, "baseline_ood_t5_acc_no_sp_corr": 0.706059992313385, "PISCO_indist_acc_no_sp_corr": 0.7427399754524231, "PISCO_ood_acc_no_sp_corr": 0.49869999289512634, "PISCO_indist_t5_acc_no_sp_corr": 0.9132199883460999, "PISCO_ood_t5_acc_no_sp_corr": 0.7056199908256531}