{"dataset": "imagenet", "extractor": "resnet", "transformation_type": "picasso_dog_val", "epochs": 50, "batch_size": 32768, "learning_rate": 0.0001, "lamda": 50, "eta": 0.93, "seed": 0, "baseline_indist_acc_no_sp_corr": 0.7577400207519531, "baseline_ood_acc_no_sp_corr": 0.44530001282691956, "baseline_indist_t5_acc_no_sp_corr": 0.9272800087928772, "baseline_ood_t5_acc_no_sp_corr": 0.6866199970245361, "PISCO_indist_acc_no_sp_corr": 0.742900013923645, "PISCO_ood_acc_no_sp_corr": 0.4792799949645996, "PISCO_indist_t5_acc_no_sp_corr": 0.9136000275611877, "PISCO_ood_t5_acc_no_sp_corr": 0.6875200271606445}