{"dataset": "imagenet", "extractor": "resnet", "transformation_type": "picasso_original_val", "epochs": 50, "batch_size": 32768, "learning_rate": 0.001, "lamda": 50, "eta": 0.98, "seed": 0, "baseline_indist_acc_no_sp_corr": 0.7480000257492065, "baseline_ood_acc_no_sp_corr": 0.4404599964618683, "baseline_indist_t5_acc_no_sp_corr": 0.9223200082778931, "baseline_ood_t5_acc_no_sp_corr": 0.6754599809646606, "PISCO_indist_acc_no_sp_corr": 0.7509199976921082, "PISCO_ood_acc_no_sp_corr": 0.47718000411987305, "PISCO_indist_t5_acc_no_sp_corr": 0.9220200181007385, "PISCO_ood_t5_acc_no_sp_corr": 0.6962800025939941}