{"dataset": "imagenet", "extractor": "resnet", "transformation_type": "dog_sketch_val", "epochs": 50, "batch_size": 32768, "learning_rate": 0.001, "lamda": 10, "eta": 0.95, "seed": 0, "baseline_indist_acc_no_sp_corr": 0.7482799887657166, "baseline_ood_acc_no_sp_corr": 0.4840399920940399, "baseline_indist_t5_acc_no_sp_corr": 0.9229400157928467, "baseline_ood_t5_acc_no_sp_corr": 0.7219799757003784, "PISCO_indist_acc_no_sp_corr": 0.7501400113105774, "PISCO_ood_acc_no_sp_corr": 0.5089600086212158, "PISCO_indist_t5_acc_no_sp_corr": 0.9199399948120117, "PISCO_ood_t5_acc_no_sp_corr": 0.7251200079917908}