{"dataset": "imagenet", "extractor": "resnet", "transformation_type": "picasso_dog_val", "epochs": 50, "batch_size": 32768, "learning_rate": 0.001, "lamda": 50, "eta": 0.95, "seed": 0, "baseline_indist_acc_no_sp_corr": 0.747979998588562, "baseline_ood_acc_no_sp_corr": 0.4141800105571747, "baseline_indist_t5_acc_no_sp_corr": 0.9225999712944031, "baseline_ood_t5_acc_no_sp_corr": 0.6528800129890442, "PISCO_indist_acc_no_sp_corr": 0.749779999256134, "PISCO_ood_acc_no_sp_corr": 0.45146000385284424, "PISCO_indist_t5_acc_no_sp_corr": 0.9194200038909912, "PISCO_ood_t5_acc_no_sp_corr": 0.6639400124549866}