{"dataset": "imagenet", "extractor": "resnet", "transformation_type": "picasso_dog_val", "epochs": 50, "batch_size": 32768, "learning_rate": 0.0001, "lamda": 50, "eta": 0.98, "seed": 0, "baseline_indist_acc_no_sp_corr": 0.7577599883079529, "baseline_ood_acc_no_sp_corr": 0.44576001167297363, "baseline_indist_t5_acc_no_sp_corr": 0.9269199967384338, "baseline_ood_t5_acc_no_sp_corr": 0.686959981918335, "PISCO_indist_acc_no_sp_corr": 0.7508800029754639, "PISCO_ood_acc_no_sp_corr": 0.492000013589859, "PISCO_indist_t5_acc_no_sp_corr": 0.921239972114563, "PISCO_ood_t5_acc_no_sp_corr": 0.7221400141716003}