{"dataset": "imagenet", "extractor": "resnet", "transformation_type": "girl_sketch_val", "epochs": 50, "batch_size": 32768, "learning_rate": 0.0001, "lamda": 1, "eta": 0.93, "seed": 0, "baseline_indist_acc_no_sp_corr": 0.7569800019264221, "baseline_ood_acc_no_sp_corr": 0.4776400029659271, "baseline_indist_t5_acc_no_sp_corr": 0.9276000261306763, "baseline_ood_t5_acc_no_sp_corr": 0.7122399806976318, "PISCO_indist_acc_no_sp_corr": 0.7462000250816345, "PISCO_ood_acc_no_sp_corr": 0.5144000053405762, "PISCO_indist_t5_acc_no_sp_corr": 0.9182599782943726, "PISCO_ood_t5_acc_no_sp_corr": 0.7475000023841858}