{"dataset": "imagenet", "extractor": "resnet", "transformation_type": "picasso_dog_val", "epochs": 50, "batch_size": 32768, "learning_rate": 0.001, "lamda": 10, "eta": 0.95, "seed": 0, "baseline_indist_acc_no_sp_corr": 0.7481600046157837, "baseline_ood_acc_no_sp_corr": 0.4138599932193756, "baseline_indist_t5_acc_no_sp_corr": 0.9221799969673157, "baseline_ood_t5_acc_no_sp_corr": 0.6532400250434875, "PISCO_indist_acc_no_sp_corr": 0.7497199773788452, "PISCO_ood_acc_no_sp_corr": 0.4535199999809265, "PISCO_indist_t5_acc_no_sp_corr": 0.9197800159454346, "PISCO_ood_t5_acc_no_sp_corr": 0.6694200038909912}