{"dataset": "imagenet", "extractor": "resnet", "transformation_type": "dog_sketch_val", "epochs": 50, "batch_size": 32768, "learning_rate": 0.001, "lamda": 10, "eta": 1.0, "seed": 0, "baseline_indist_acc_no_sp_corr": 0.7486600279808044, "baseline_ood_acc_no_sp_corr": 0.4842199981212616, "baseline_indist_t5_acc_no_sp_corr": 0.9224799871444702, "baseline_ood_t5_acc_no_sp_corr": 0.7213600277900696, "PISCO_indist_acc_no_sp_corr": 0.7527199983596802, "PISCO_ood_acc_no_sp_corr": 0.5144799947738647, "PISCO_indist_t5_acc_no_sp_corr": 0.9253600239753723, "PISCO_ood_t5_acc_no_sp_corr": 0.752020001411438}