{"dataset": "imagenet", "extractor": "resnet", "transformation_type": "girl_sketch_val", "epochs": 50, "batch_size": 32768, "learning_rate": 0.001, "lamda": 50, "eta": 0.98, "seed": 0, "baseline_indist_acc_no_sp_corr": 0.748199999332428, "baseline_ood_acc_no_sp_corr": 0.4438199996948242, "baseline_indist_t5_acc_no_sp_corr": 0.9228000044822693, "baseline_ood_t5_acc_no_sp_corr": 0.679099977016449, "PISCO_indist_acc_no_sp_corr": 0.7508599758148193, "PISCO_ood_acc_no_sp_corr": 0.4753600060939789, "PISCO_indist_t5_acc_no_sp_corr": 0.9220399856567383, "PISCO_ood_t5_acc_no_sp_corr": 0.6995800137519836}