{"dataset": "imagenet", "extractor": "resnet", "transformation_type": "picasso_dog_val", "epochs": 50, "batch_size": 32768, "learning_rate": 0.0001, "lamda": 10, "eta": 0.93, "seed": 0, "baseline_indist_acc_no_sp_corr": 0.7576199769973755, "baseline_ood_acc_no_sp_corr": 0.44652000069618225, "baseline_indist_t5_acc_no_sp_corr": 0.927299976348877, "baseline_ood_t5_acc_no_sp_corr": 0.6856600046157837, "PISCO_indist_acc_no_sp_corr": 0.7420799732208252, "PISCO_ood_acc_no_sp_corr": 0.48023998737335205, "PISCO_indist_t5_acc_no_sp_corr": 0.9141200184822083, "PISCO_ood_t5_acc_no_sp_corr": 0.6917600035667419}