{"dataset": "imagenet", "extractor": "resnet", "transformation_type": "picasso_dog_val", "epochs": 50, "batch_size": 32768, "learning_rate": 0.001, "lamda": 50, "eta": 1.0, "seed": 0, "baseline_indist_acc_no_sp_corr": 0.7483599781990051, "baseline_ood_acc_no_sp_corr": 0.4146200120449066, "baseline_indist_t5_acc_no_sp_corr": 0.9223799705505371, "baseline_ood_t5_acc_no_sp_corr": 0.6527600288391113, "PISCO_indist_acc_no_sp_corr": 0.7534400224685669, "PISCO_ood_acc_no_sp_corr": 0.4631800055503845, "PISCO_indist_t5_acc_no_sp_corr": 0.9259399771690369, "PISCO_ood_t5_acc_no_sp_corr": 0.7031999826431274}