{"dataset": "imagenet", "extractor": "resnet", "transformation_type": "girl_sketch_val", "epochs": 50, "batch_size": 32768, "learning_rate": 0.001, "lamda": 1, "eta": 0.98, "seed": 0, "baseline_indist_acc_no_sp_corr": 0.7479400038719177, "baseline_ood_acc_no_sp_corr": 0.4436599910259247, "baseline_indist_t5_acc_no_sp_corr": 0.9225599765777588, "baseline_ood_t5_acc_no_sp_corr": 0.6789199709892273, "PISCO_indist_acc_no_sp_corr": 0.7522600293159485, "PISCO_ood_acc_no_sp_corr": 0.4883800148963928, "PISCO_indist_t5_acc_no_sp_corr": 0.9241399765014648, "PISCO_ood_t5_acc_no_sp_corr": 0.7241600155830383}