{"dataset": "imagenet", "extractor": "resnet", "transformation_type": "girl_sketch_val", "epochs": 50, "batch_size": 32768, "learning_rate": 0.001, "lamda": 1, "eta": 0.95, "seed": 0, "baseline_indist_acc_no_sp_corr": 0.7487000226974487, "baseline_ood_acc_no_sp_corr": 0.4436599910259247, "baseline_indist_t5_acc_no_sp_corr": 0.9223600029945374, "baseline_ood_t5_acc_no_sp_corr": 0.6792200207710266, "PISCO_indist_acc_no_sp_corr": 0.7519400119781494, "PISCO_ood_acc_no_sp_corr": 0.4909000098705292, "PISCO_indist_t5_acc_no_sp_corr": 0.9232800006866455, "PISCO_ood_t5_acc_no_sp_corr": 0.7269200086593628}