{"dataset": "imagenet", "extractor": "resnet", "transformation_type": "picasso_dog_val", "epochs": 50, "batch_size": 32768, "learning_rate": 0.0001, "lamda": 1, "eta": 0.98, "seed": 0, "baseline_indist_acc_no_sp_corr": 0.7571600079536438, "baseline_ood_acc_no_sp_corr": 0.44576001167297363, "baseline_indist_t5_acc_no_sp_corr": 0.9276999831199646, "baseline_ood_t5_acc_no_sp_corr": 0.6862000226974487, "PISCO_indist_acc_no_sp_corr": 0.7545400261878967, "PISCO_ood_acc_no_sp_corr": 0.5041000247001648, "PISCO_indist_t5_acc_no_sp_corr": 0.925059974193573, "PISCO_ood_t5_acc_no_sp_corr": 0.7438200116157532}