{"dataset": "imagenet", "extractor": "resnet", "transformation_type": "picasso_original_val", "epochs": 50, "batch_size": 32768, "learning_rate": 0.0001, "lamda": 1, "eta": 1.0, "seed": 0, "baseline_indist_acc_no_sp_corr": 0.7573599815368652, "baseline_ood_acc_no_sp_corr": 0.4738599956035614, "baseline_indist_t5_acc_no_sp_corr": 0.9273399710655212, "baseline_ood_t5_acc_no_sp_corr": 0.7064800262451172, "PISCO_indist_acc_no_sp_corr": 0.7584400177001953, "PISCO_ood_acc_no_sp_corr": 0.5170400142669678, "PISCO_indist_t5_acc_no_sp_corr": 0.9291399717330933, "PISCO_ood_t5_acc_no_sp_corr": 0.7522799968719482}