{"dataset": "imagenet", "extractor": "resnet", "transformation_type": "picasso_original_val", "epochs": 50, "batch_size": 32768, "learning_rate": 0.0001, "lamda": 50, "eta": 1.0, "seed": 0, "baseline_indist_acc_no_sp_corr": 0.7575799822807312, "baseline_ood_acc_no_sp_corr": 0.47457998991012573, "baseline_indist_t5_acc_no_sp_corr": 0.9273599982261658, "baseline_ood_t5_acc_no_sp_corr": 0.7064399719238281, "PISCO_indist_acc_no_sp_corr": 0.7574599981307983, "PISCO_ood_acc_no_sp_corr": 0.5170999765396118, "PISCO_indist_t5_acc_no_sp_corr": 0.9289799928665161, "PISCO_ood_t5_acc_no_sp_corr": 0.755079984664917}