{"dataset": "imagenet", "extractor": "resnet", "transformation_type": "picasso_dog_val", "epochs": 50, "batch_size": 32768, "learning_rate": 0.0001, "lamda": 50, "eta": 0.9, "seed": 0, "baseline_indist_acc_no_sp_corr": 0.7567999958992004, "baseline_ood_acc_no_sp_corr": 0.4463599920272827, "baseline_indist_t5_acc_no_sp_corr": 0.9273200035095215, "baseline_ood_t5_acc_no_sp_corr": 0.6863399744033813, "PISCO_indist_acc_no_sp_corr": 0.7396399974822998, "PISCO_ood_acc_no_sp_corr": 0.4674200117588043, "PISCO_indist_t5_acc_no_sp_corr": 0.9103400111198425, "PISCO_ood_t5_acc_no_sp_corr": 0.6647599935531616}