{"dataset": "imagenet", "extractor": "resnet", "transformation_type": "picasso_dog_val", "epochs": 50, "batch_size": 32768, "learning_rate": 0.001, "lamda": 10, "eta": 0.9, "seed": 0, "baseline_indist_acc_no_sp_corr": 0.748420000076294, "baseline_ood_acc_no_sp_corr": 0.4143800139427185, "baseline_indist_t5_acc_no_sp_corr": 0.9225199818611145, "baseline_ood_t5_acc_no_sp_corr": 0.653219997882843, "PISCO_indist_acc_no_sp_corr": 0.7500399947166443, "PISCO_ood_acc_no_sp_corr": 0.4425399899482727, "PISCO_indist_t5_acc_no_sp_corr": 0.9169999957084656, "PISCO_ood_t5_acc_no_sp_corr": 0.6453199982643127}