{"dataset": "imagenet", "extractor": "resnet", "transformation_type": "dog_sketch_val", "epochs": 50, "batch_size": 32768, "learning_rate": 0.0001, "lamda": 50, "eta": 0.9, "seed": 0, "baseline_indist_acc_no_sp_corr": 0.7572000026702881, "baseline_ood_acc_no_sp_corr": 0.5145400166511536, "baseline_indist_t5_acc_no_sp_corr": 0.9277200102806091, "baseline_ood_t5_acc_no_sp_corr": 0.7518799901008606, "PISCO_indist_acc_no_sp_corr": 0.7397599816322327, "PISCO_ood_acc_no_sp_corr": 0.5198799967765808, "PISCO_indist_t5_acc_no_sp_corr": 0.9096999764442444, "PISCO_ood_t5_acc_no_sp_corr": 0.7170199751853943}