{"dataset": "imagenet", "extractor": "resnet", "transformation_type": "picasso_original_val", "epochs": 50, "batch_size": 32768, "learning_rate": 0.0001, "lamda": 10, "eta": 0.95, "seed": 0, "baseline_indist_acc_no_sp_corr": 0.7569599747657776, "baseline_ood_acc_no_sp_corr": 0.4733799993991852, "baseline_indist_t5_acc_no_sp_corr": 0.9272400140762329, "baseline_ood_t5_acc_no_sp_corr": 0.7065600156784058, "PISCO_indist_acc_no_sp_corr": 0.7454400062561035, "PISCO_ood_acc_no_sp_corr": 0.5051000118255615, "PISCO_indist_t5_acc_no_sp_corr": 0.9165800213813782, "PISCO_ood_t5_acc_no_sp_corr": 0.7206199765205383}