{"dataset": "imagenet", "extractor": "resnet", "transformation_type": "dog_sketch_val", "epochs": 50, "batch_size": 32768, "learning_rate": 0.0001, "lamda": 50, "eta": 0.93, "seed": 0, "baseline_indist_acc_no_sp_corr": 0.7574599981307983, "baseline_ood_acc_no_sp_corr": 0.5145000219345093, "baseline_indist_t5_acc_no_sp_corr": 0.9274200201034546, "baseline_ood_t5_acc_no_sp_corr": 0.7516999840736389, "PISCO_indist_acc_no_sp_corr": 0.7429999709129333, "PISCO_ood_acc_no_sp_corr": 0.5275599956512451, "PISCO_indist_t5_acc_no_sp_corr": 0.9133399724960327, "PISCO_ood_t5_acc_no_sp_corr": 0.7372000217437744}