{"lam": 0, "rho1": 0.5, "rho2": 0.9, "ITER": 34, "d": 10, "style_recovery": 0.005147463583708114, "style_content_disentagle": 0.38665022821984796}