{"lam": 10, "rho1": 0.5, "rho2": 0.5, "ITER": 37, "d": 10, "style_recovery": 0.004170757469743465, "style_content_disentagle": 0.03792001123980712}