{"lam": 0.01, "rho1": 0.1, "rho2": 0.9, "ITER": 7, "d": 10, "style_recovery": 0.0031194077111292144, "style_content_disentagle": 0.34428298809951413}