{"lam": 1, "rho1": 0.9, "rho2": 0.1, "ITER": 21, "d": 10, "style_recovery": 0.0030592649940129994, "style_content_disentagle": 0.3065356242351692}