{"lam": 100, "rho1": 0.9, "rho2": 0.5, "ITER": 44, "d": 10, "style_recovery": 0.005185903823702075, "style_content_disentagle": 0.006789876322164806}