{"lam": 100, "rho1": 0.9, "rho2": 0.9, "ITER": 13, "d": 10, "style_recovery": 0.0029350407584384426, "style_content_disentagle": 0.015285028411806933}