{"lam": 0, "rho1": 0.1, "rho2": 0.1, "ITER": 47, "d": 10, "style_recovery": 0.0064255450051760934, "style_content_disentagle": 0.3349625535761601}