{"lam": 100, "rho1": 0.1, "rho2": 0.1, "ITER": 34, "d": 10, "style_recovery": 0.004547864429453229, "style_content_disentagle": 0.004110224143950991}