{"lam": 10000.0, "rho1": 0.1, "rho2": 0.9, "ITER": 35, "d": 10, "style_recovery": 0.004056308446733383, "style_content_disentagle": 0.0039700465833275985}