{"lam": 0, "rho1": 0.1, "rho2": 0.9, "ITER": 8, "d": 10, "style_recovery": 0.004235423078944576, "style_content_disentagle": 0.3784930166717329}