{"lam": 1000, "rho1": 0.9, "rho2": 0.1, "ITER": 30, "d": 10, "style_recovery": 0.00497978302358564, "style_content_disentagle": 0.004669965612556271}