{"lam": 10000.0, "rho1": 0.1, "rho2": 0.9, "ITER": 36, "d": 10, "style_recovery": 0.004474045871717338, "style_content_disentagle": 0.004180928904201573}