{"lam": 0.1, "rho1": 0.9, "rho2": 0.5, "ITER": 10, "d": 10, "style_recovery": 0.004459743928797608, "style_content_disentagle": 0.3505911108859951}