{"lam": 1, "rho1": 0.5, "rho2": 0.5, "ITER": 43, "d": 10, "style_recovery": 0.003531694415071706, "style_content_disentagle": 0.18261667749110302}