{"lam": 0.01, "rho1": 0.9, "rho2": 0.1, "ITER": 46, "d": 10, "style_recovery": 0.004651322622972976, "style_content_disentagle": 0.33998927395023354}