{"lam": 0.1, "rho1": 0.9, "rho2": 0.9, "ITER": 3, "d": 10, "style_recovery": 0.00219121096182538, "style_content_disentagle": 0.37757640877475934}