{"lam": 0.01, "rho1": 0.5, "rho2": 0.9, "ITER": 19, "d": 10, "style_recovery": 0.003150474515227329, "style_content_disentagle": 0.3847232655022824}