{"lam": 0.1, "rho1": 0.9, "rho2": 0.5, "ITER": 45, "d": 10, "style_recovery": 0.003479784889604101, "style_content_disentagle": 0.35053814084330864}