{"lam": 10000.0, "rho1": 0.9, "rho2": 0.9, "ITER": 48, "d": 10, "style_recovery": 0.004548549828890276, "style_content_disentagle": 0.003444905666853228}