{"lam": 100, "rho1": 0.1, "rho2": 0.1, "ITER": 49, "d": 10, "style_recovery": 0.004966187613037253, "style_content_disentagle": 0.005476920492937609}