{"lam": 1000, "rho1": 0.5, "rho2": 0.5, "ITER": 9, "d": 10, "style_recovery": 0.004998863269046102, "style_content_disentagle": 0.004715369192645828}