{"lam": 0.01, "rho1": 0.1, "rho2": 0.1, "ITER": 21, "d": 10, "style_recovery": 0.003059264994012917, "style_content_disentagle": 0.3630314200895998}