{"lam": 100, "rho1": 0.1, "rho2": 0.9, "ITER": 6, "d": 10, "style_recovery": 0.0032090872839096512, "style_content_disentagle": 0.006016689266643446}