{"lam": 10, "rho1": 0.5, "rho2": 0.1, "ITER": 23, "d": 10, "style_recovery": 0.00417560431855392, "style_content_disentagle": 0.025927523418769034}