{"lam": 1000, "rho1": 0.1, "rho2": 0.5, "ITER": 16, "d": 10, "style_recovery": 0.003546905870932126, "style_content_disentagle": 0.004845478094912314}