{"lam": 10, "rho1": 0.1, "rho2": 0.9, "ITER": 1, "d": 10, "style_recovery": 0.0068074935628588875, "style_content_disentagle": 0.010954780532069585}