{"lam": 100, "rho1": 0.9, "rho2": 0.1, "ITER": 47, "d": 10, "style_recovery": 0.006425545005176335, "style_content_disentagle": 0.006987237975232226}