{"lam": 0, "rho1": 0.5, "rho2": 0.5, "ITER": 16, "d": 10, "style_recovery": 0.0035469058709326124, "style_content_disentagle": 0.3682932932998194}