{"lam": 0.01, "rho1": 0.1, "rho2": 0.5, "ITER": 8, "d": 10, "style_recovery": 0.00493498592941241, "style_content_disentagle": 0.3548889194904249}