{"lam": 100, "rho1": 0.5, "rho2": 0.9, "ITER": 38, "d": 10, "style_recovery": 0.0037981619670248634, "style_content_disentagle": 0.012819717679919138}