{"lam": 10000.0, "rho1": 0.5, "rho2": 0.5, "ITER": 45, "d": 10, "style_recovery": 0.0034797848896040927, "style_content_disentagle": 0.0045353637965263255}