{"lam": 0.01, "rho1": 0.5, "rho2": 0.1, "ITER": 1, "d": 10, "style_recovery": 0.005922910049117523, "style_content_disentagle": 0.34361249381066333}