{"lam": 0.1, "rho1": 0.1, "rho2": 0.9, "ITER": 4, "d": 10, "style_recovery": 0.004534606574650359, "style_content_disentagle": 0.30769019348170085}