{"lam": 0.01, "rho1": 0.1, "rho2": 0.5, "ITER": 6, "d": 10, "style_recovery": 0.003816361878593532, "style_content_disentagle": 0.3468713536173475}