{"lam": 0.01, "rho1": 0.1, "rho2": 0.5, "ITER": 22, "d": 10, "style_recovery": 0.004129946050382987, "style_content_disentagle": 0.3408833861704649}