{"lam": 1, "rho1": 0.1, "rho2": 0.1, "ITER": 8, "d": 10, "style_recovery": 0.0054595416940779636, "style_content_disentagle": 0.09718699206270812}