{"lam": 10, "rho1": 0.1, "rho2": 0.9, "ITER": 34, "d": 10, "style_recovery": 0.005147463583708105, "style_content_disentagle": 0.009859562327124769}