{"lam": 0, "rho1": 0.9, "rho2": 0.5, "ITER": 29, "d": 10, "style_recovery": 0.002849894834798931, "style_content_disentagle": 0.35157718633004764}