{"lam": 100, "rho1": 0.1, "rho2": 0.1, "ITER": 3, "d": 10, "style_recovery": 0.0034833872299522305, "style_content_disentagle": 0.004627382566391604}