{"lam": 1000, "rho1": 0.9, "rho2": 0.5, "ITER": 20, "d": 10, "style_recovery": 0.0029724416527313452, "style_content_disentagle": 0.004682694355059849}