{"lam": 100, "rho1": 0.5, "rho2": 0.1, "ITER": 42, "d": 10, "style_recovery": 0.004534296116271977, "style_content_disentagle": 0.006254255258396095}