{"lam": 10, "rho1": 0.5, "rho2": 0.5, "ITER": 3, "d": 10, "style_recovery": 0.002911556656970752, "style_content_disentagle": 0.03710719687277505}