{"lam": 1, "rho1": 0.9, "rho2": 0.1, "ITER": 38, "d": 10, "style_recovery": 0.004288730670989078, "style_content_disentagle": 0.30409161612208924}