{"lam": 0, "rho1": 0.9, "rho2": 0.5, "ITER": 26, "d": 10, "style_recovery": 0.0028135811502786726, "style_content_disentagle": 0.35200556830276386}