{"lam": 1000, "rho1": 0.9, "rho2": 0.1, "ITER": 0, "d": 10, "style_recovery": 0.004625355624122424, "style_content_disentagle": 0.005921853505804494}