{"lam": 10000.0, "rho1": 0.9, "rho2": 0.5, "ITER": 11, "d": 10, "style_recovery": 0.004004794498315032, "style_content_disentagle": 0.004358978049190146}