{"lam": 1000, "rho1": 0.5, "rho2": 0.9, "ITER": 12, "d": 10, "style_recovery": 0.002472550912207451, "style_content_disentagle": 0.004279596602754902}