{"lam": 1, "rho1": 0.1, "rho2": 0.5, "ITER": 28, "d": 10, "style_recovery": 0.003782465124870446, "style_content_disentagle": 0.07085708453895931}