{"lam": 10000.0, "rho1": 0.1, "rho2": 0.1, "ITER": 43, "d": 10, "style_recovery": 0.003374038051717377, "style_content_disentagle": 0.004944463005226456}