{"lam": 1000, "rho1": 0.9, "rho2": 0.5, "ITER": 31, "d": 10, "style_recovery": 0.0037356076472815206, "style_content_disentagle": 0.0059724169593131935}