{"lam": 1, "rho1": 0.1, "rho2": 0.5, "ITER": 30, "d": 10, "style_recovery": 0.004802820224768879, "style_content_disentagle": 0.0667252701665434}