{"lam": 10000.0, "rho1": 0.9, "rho2": 0.1, "ITER": 24, "d": 10, "style_recovery": 0.004894551844378299, "style_content_disentagle": 0.004800142389191199}