{"lam": 0.01, "rho1": 0.9, "rho2": 0.9, "ITER": 35, "d": 10, "style_recovery": 0.0040563084467335865, "style_content_disentagle": 0.374412359079286}