{"lam": 10, "rho1": 0.5, "rho2": 0.9, "ITER": 48, "d": 10, "style_recovery": 0.004548549828890168, "style_content_disentagle": 0.02822538694573844}