{"lam": 10, "rho1": 0.1, "rho2": 0.9, "ITER": 27, "d": 10, "style_recovery": 0.005487123463837314, "style_content_disentagle": 0.010490931682900042}