{"lam": 10000.0, "rho1": 0.5, "rho2": 0.1, "ITER": 12, "d": 10, "style_recovery": 0.0032196454710303316, "style_content_disentagle": 0.004860471746917266}