{"lam": 0.1, "rho1": 0.5, "rho2": 0.5, "ITER": 41, "d": 10, "style_recovery": 0.004845015190895883, "style_content_disentagle": 0.36994841707847753}