{"lam": 1000, "rho1": 0.5, "rho2": 0.1, "ITER": 27, "d": 10, "style_recovery": 0.0049959631531264195, "style_content_disentagle": 0.004982064340228403}