{"lam": 0.1, "rho1": 0.9, "rho2": 0.5, "ITER": 1, "d": 10, "style_recovery": 0.006385369455652846, "style_content_disentagle": 0.3505135692660414}