{"lam": 10000.0, "rho1": 0.1, "rho2": 0.5, "ITER": 18, "d": 10, "style_recovery": 0.0032862991445266818, "style_content_disentagle": 0.004997005752295939}