{"lam": 1, "rho1": 0.9, "rho2": 0.5, "ITER": 2, "d": 10, "style_recovery": 0.004397462332049096, "style_content_disentagle": 0.2876208818560332}