{"lam": 1, "rho1": 0.1, "rho2": 0.5, "ITER": 31, "d": 10, "style_recovery": 0.0037356076472820085, "style_content_disentagle": 0.06990528238010772}