{"lam": 1000, "rho1": 0.5, "rho2": 0.5, "ITER": 23, "d": 10, "style_recovery": 0.003972451218835301, "style_content_disentagle": 0.0050549331545852675}