{"lam": 100, "rho1": 0.1, "rho2": 0.5, "ITER": 26, "d": 10, "style_recovery": 0.0028135811502789697, "style_content_disentagle": 0.0051887847926879276}