{"lam": 100, "rho1": 0.1, "rho2": 0.5, "ITER": 3, "d": 10, "style_recovery": 0.0029115566569706238, "style_content_disentagle": 0.004814595741893643}