{"lam": 100, "rho1": 0.9, "rho2": 0.9, "ITER": 33, "d": 10, "style_recovery": 0.004328954559126533, "style_content_disentagle": 0.015653857533298267}