{"lam": 10000.0, "rho1": 0.5, "rho2": 0.5, "ITER": 14, "d": 10, "style_recovery": 0.006141453112574526, "style_content_disentagle": 0.006789855754414073}