{"lam": 100, "rho1": 0.9, "rho2": 0.9, "ITER": 17, "d": 10, "style_recovery": 0.003200268400264608, "style_content_disentagle": 0.016125567772509265}