{"lam": 0.01, "rho1": 0.9, "rho2": 0.1, "ITER": 26, "d": 10, "style_recovery": 0.0032923729253527016, "style_content_disentagle": 0.3392805332643746}