{"lam": 0.01, "rho1": 0.9, "rho2": 0.1, "ITER": 5, "d": 10, "style_recovery": 0.004740418243703511, "style_content_disentagle": 0.3387740830018927}