{"lam": 0.01, "rho1": 0.1, "rho2": 0.1, "ITER": 44, "d": 10, "style_recovery": 0.005261394778955647, "style_content_disentagle": 0.33392712585716994}