{"lam": 100, "rho1": 0.1, "rho2": 0.5, "ITER": 27, "d": 10, "style_recovery": 0.005257986421869997, "style_content_disentagle": 0.005352807385432152}