{"lam": 10, "rho1": 0.5, "rho2": 0.5, "ITER": 7, "d": 10, "style_recovery": 0.003209964327954868, "style_content_disentagle": 0.03796213581687062}