{"lam": 0.1, "rho1": 0.5, "rho2": 0.1, "ITER": 18, "d": 10, "style_recovery": 0.0033742511467404817, "style_content_disentagle": 0.3230743212935368}