{"lam": 0, "rho1": 0.9, "rho2": 0.9, "ITER": 10, "d": 10, "style_recovery": 0.0045416908011893685, "style_content_disentagle": 0.3752601823707534}