{"lam": 10, "rho1": 0.5, "rho2": 0.9, "ITER": 31, "d": 10, "style_recovery": 0.0038220600064522775, "style_content_disentagle": 0.028307839449673394}