{"lam": 0, "rho1": 0.9, "rho2": 0.9, "ITER": 4, "d": 10, "style_recovery": 0.004534606574650259, "style_content_disentagle": 0.37479795537129135}