{"lam": 10000.0, "rho1": 0.9, "rho2": 0.1, "ITER": 9, "d": 10, "style_recovery": 0.004491034474847714, "style_content_disentagle": 0.004797801378694537}