{"lam": 1000, "rho1": 0.9, "rho2": 0.9, "ITER": 1, "d": 10, "style_recovery": 0.006807493562858752, "style_content_disentagle": 0.005157004395215182}