{"lam": 1000, "rho1": 0.9, "rho2": 0.9, "ITER": 38, "d": 10, "style_recovery": 0.0037981619670247333, "style_content_disentagle": 0.0055536130914842705}