{"lam": 0.01, "rho1": 0.5, "rho2": 0.1, "ITER": 6, "d": 10, "style_recovery": 0.00426193570876819, "style_content_disentagle": 0.34707948198618505}