{"lam": 100, "rho1": 0.1, "rho2": 0.1, "ITER": 33, "d": 10, "style_recovery": 0.004572453909049762, "style_content_disentagle": 0.006323112217381415}