{"lam": 100, "rho1": 0.5, "rho2": 0.5, "ITER": 8, "d": 10, "style_recovery": 0.004934985929412274, "style_content_disentagle": 0.003916612115364173}