{"lam": 0.01, "rho1": 0.5, "rho2": 0.5, "ITER": 12, "d": 10, "style_recovery": 0.002903317418849245, "style_content_disentagle": 0.3670536373059009}