{"lam": 1000, "rho1": 0.5, "rho2": 0.1, "ITER": 17, "d": 10, "style_recovery": 0.004667243164926771, "style_content_disentagle": 0.005517125584539284}