{"lam": 1, "rho1": 0.5, "rho2": 0.5, "ITER": 19, "d": 10, "style_recovery": 0.003663226037295548, "style_content_disentagle": 0.18383955295758142}