{"lam": 0.01, "rho1": 0.1, "rho2": 0.1, "ITER": 27, "d": 10, "style_recovery": 0.004995963153126533, "style_content_disentagle": 0.2866567794085808}