{"lam": 1, "rho1": 0.9, "rho2": 0.1, "ITER": 11, "d": 10, "style_recovery": 0.003980460175629274, "style_content_disentagle": 0.31279155453681684}