{"lam": 1000, "rho1": 0.1, "rho2": 0.5, "ITER": 7, "d": 10, "style_recovery": 0.003209964327954599, "style_content_disentagle": 0.005238354358416192}