{"lam": 10000.0, "rho1": 0.1, "rho2": 0.5, "ITER": 36, "d": 10, "style_recovery": 0.004941251482269012, "style_content_disentagle": 0.004321858531319853}