{"lam": 1000, "rho1": 0.1, "rho2": 0.1, "ITER": 10, "d": 10, "style_recovery": 0.004359671827050335, "style_content_disentagle": 0.0050186822379224534}