{"lam": 0.1, "rho1": 0.9, "rho2": 0.5, "ITER": 40, "d": 10, "style_recovery": 0.00442560020635659, "style_content_disentagle": 0.35362730594396036}