{"lam": 1000, "rho1": 0.5, "rho2": 0.5, "ITER": 40, "d": 10, "style_recovery": 0.00442560020635643, "style_content_disentagle": 0.0047258959174830755}