{"lam": 10, "rho1": 0.1, "rho2": 0.5, "ITER": 38, "d": 10, "style_recovery": 0.004066454366207207, "style_content_disentagle": 0.01658116682713518}