{"lam": 100, "rho1": 0.1, "rho2": 0.1, "ITER": 7, "d": 10, "style_recovery": 0.003285578890962198, "style_content_disentagle": 0.005377721608306947}