{"lam": 0.01, "rho1": 0.5, "rho2": 0.1, "ITER": 16, "d": 10, "style_recovery": 0.003703980886944927, "style_content_disentagle": 0.34639598261266613}