{"lam": 100, "rho1": 0.9, "rho2": 0.5, "ITER": 5, "d": 10, "style_recovery": 0.004287503358439722, "style_content_disentagle": 0.005467489707109785}