{"lam": 100, "rho1": 0.9, "rho2": 0.1, "ITER": 14, "d": 10, "style_recovery": 0.006376226903273248, "style_content_disentagle": 0.0065162290782272165}