{"lam": 100, "rho1": 0.1, "rho2": 0.1, "ITER": 13, "d": 10, "style_recovery": 0.0031595768470783748, "style_content_disentagle": 0.0035414358389627013}