{"lam": 0.1, "rho1": 0.1, "rho2": 0.9, "ITER": 3, "d": 10, "style_recovery": 0.00219121096182523, "style_content_disentagle": 0.3141009518224637}