{"lam": 10000.0, "rho1": 0.1, "rho2": 0.1, "ITER": 40, "d": 10, "style_recovery": 0.005512553251068841, "style_content_disentagle": 0.004561648888711535}