{"lam": 1, "rho1": 0.5, "rho2": 0.9, "ITER": 12, "d": 10, "style_recovery": 0.002472550912207451, "style_content_disentagle": 0.1746431328299166}