{"lam": 100, "rho1": 0.1, "rho2": 0.5, "ITER": 23, "d": 10, "style_recovery": 0.0039724512188352434, "style_content_disentagle": 0.0052432412098067805}