{"lam": 10000.0, "rho1": 0.1, "rho2": 0.1, "ITER": 46, "d": 10, "style_recovery": 0.004651322622973181, "style_content_disentagle": 0.0053803728073312145}