{"lam": 1, "rho1": 0.5, "rho2": 0.1, "ITER": 31, "d": 10, "style_recovery": 0.0036247266670308377, "style_content_disentagle": 0.20521069026537017}