{"lam": 1, "rho1": 0.1, "rho2": 0.9, "ITER": 32, "d": 10, "style_recovery": 0.004264593632383748, "style_content_disentagle": 0.03625335532504349}