{"lam": 0, "rho1": 0.5, "rho2": 0.1, "ITER": 15, "d": 10, "style_recovery": 0.003967021285071029, "style_content_disentagle": 0.3454811824652534}