{"lam": 0.1, "rho1": 0.9, "rho2": 0.5, "ITER": 30, "d": 10, "style_recovery": 0.00480282022476884, "style_content_disentagle": 0.35186390890323377}