{"lam": 0.01, "rho1": 0.9, "rho2": 0.9, "ITER": 28, "d": 10, "style_recovery": 0.00371859734304114, "style_content_disentagle": 0.376074668948912}