{"lam": 10, "rho1": 0.9, "rho2": 0.1, "ITER": 35, "d": 10, "style_recovery": 0.0046372249962741054, "style_content_disentagle": 0.03618790475482981}