{"lam": 0, "rho1": 0.9, "rho2": 0.5, "ITER": 7, "d": 10, "style_recovery": 0.0032099643279547645, "style_content_disentagle": 0.35212030413730544}