{"lam": 0.01, "rho1": 0.9, "rho2": 0.1, "ITER": 49, "d": 10, "style_recovery": 0.004966187613037316, "style_content_disentagle": 0.3374991085730447}