{"lam": 1000, "rho1": 0.9, "rho2": 0.9, "ITER": 30, "d": 10, "style_recovery": 0.004618180124067002, "style_content_disentagle": 0.005334410949612993}