{"lam": 10000.0, "rho1": 0.1, "rho2": 0.9, "ITER": 6, "d": 10, "style_recovery": 0.0032090872839096512, "style_content_disentagle": 0.0047063401368943915}