{"lam": 1000, "rho1": 0.5, "rho2": 0.9, "ITER": 42, "d": 10, "style_recovery": 0.0030388658943986744, "style_content_disentagle": 0.0055716399122295816}