{"lam": 10000.0, "rho1": 0.1, "rho2": 0.9, "ITER": 38, "d": 10, "style_recovery": 0.0037981619670248413, "style_content_disentagle": 0.00523169085246456}