{"lam": 10, "rho1": 0.5, "rho2": 0.9, "ITER": 27, "d": 10, "style_recovery": 0.0054871234638371675, "style_content_disentagle": 0.028573525862279313}