{"lam": 0.1, "rho1": 0.5, "rho2": 0.5, "ITER": 5, "d": 10, "style_recovery": 0.0042875033584394776, "style_content_disentagle": 0.36663186430752126}