{"lam": 1, "rho1": 0.1, "rho2": 0.1, "ITER": 4, "d": 10, "style_recovery": 0.004003221758336959, "style_content_disentagle": 0.0974469779434607}