{"lam": 10, "rho1": 0.5, "rho2": 0.1, "ITER": 22, "d": 10, "style_recovery": 0.004388103409439367, "style_content_disentagle": 0.024162849971774952}