{"lam": 10, "rho1": 0.1, "rho2": 0.5, "ITER": 42, "d": 10, "style_recovery": 0.0038808239799674724, "style_content_disentagle": 0.01711113471662918}