{"lam": 0, "rho1": 0.5, "rho2": 0.9, "ITER": 45, "d": 10, "style_recovery": 0.0031879844800399406, "style_content_disentagle": 0.3847954444787646}