{"lam": 10000.0, "rho1": 0.5, "rho2": 0.9, "ITER": 35, "d": 10, "style_recovery": 0.004056308446733296, "style_content_disentagle": 0.003976549069251887}