{"lam": 0.01, "rho1": 0.5, "rho2": 0.1, "ITER": 49, "d": 10, "style_recovery": 0.0049661876130372585, "style_content_disentagle": 0.3430751075647716}