{"lam": 1, "rho1": 0.5, "rho2": 0.9, "ITER": 30, "d": 10, "style_recovery": 0.004618180124067021, "style_content_disentagle": 0.17209008739579248}