{"lam": 0.01, "rho1": 0.1, "rho2": 0.5, "ITER": 44, "d": 10, "style_recovery": 0.005185903823702128, "style_content_disentagle": 0.3415186487584904}