{"lam": 1000, "rho1": 0.9, "rho2": 0.9, "ITER": 35, "d": 10, "style_recovery": 0.0040563084467335865, "style_content_disentagle": 0.004172483802559751}