{"lam": 1000, "rho1": 0.1, "rho2": 0.5, "ITER": 13, "d": 10, "style_recovery": 0.0030673011716750385, "style_content_disentagle": 0.003645929577269686}