{"lam": 0.1, "rho1": 0.5, "rho2": 0.1, "ITER": 7, "d": 10, "style_recovery": 0.003285578890962279, "style_content_disentagle": 0.33093970248804755}