{"lam": 10000.0, "rho1": 0.1, "rho2": 0.1, "ITER": 25, "d": 10, "style_recovery": 0.0033835110245825557, "style_content_disentagle": 0.00489712732028079}