{"lam": 1, "rho1": 0.1, "rho2": 0.9, "ITER": 14, "d": 10, "style_recovery": 0.0058750478453361826, "style_content_disentagle": 0.04028534787054446}