{"lam": 1000, "rho1": 0.9, "rho2": 0.1, "ITER": 26, "d": 10, "style_recovery": 0.0032923729253527016, "style_content_disentagle": 0.004880917816143321}