{"lam": 0, "rho1": 0.1, "rho2": 0.1, "ITER": 48, "d": 10, "style_recovery": 0.005822810052897373, "style_content_disentagle": 0.34677337831299176}