{"lam": 10, "rho1": 0.1, "rho2": 0.1, "ITER": 45, "d": 10, "style_recovery": 0.003694499930457169, "style_content_disentagle": 0.011096144993965213}