{"lam": 10000.0, "rho1": 0.5, "rho2": 0.9, "ITER": 48, "d": 10, "style_recovery": 0.004548549828890168, "style_content_disentagle": 0.003440714474318923}