{"lam": 10000.0, "rho1": 0.1, "rho2": 0.9, "ITER": 20, "d": 10, "style_recovery": 0.002860862980688311, "style_content_disentagle": 0.004620345607068861}