{"lam": 100, "rho1": 0.9, "rho2": 0.9, "ITER": 32, "d": 10, "style_recovery": 0.004264593632383739, "style_content_disentagle": 0.01586877975916818}