{"lam": 0.01, "rho1": 0.5, "rho2": 0.1, "ITER": 5, "d": 10, "style_recovery": 0.004740418243703489, "style_content_disentagle": 0.3483443182715401}