{"lam": 1, "rho1": 0.9, "rho2": 0.1, "ITER": 44, "d": 10, "style_recovery": 0.0052613947789557115, "style_content_disentagle": 0.31085611197691543}