{"lam": 100, "rho1": 0.1, "rho2": 0.9, "ITER": 9, "d": 10, "style_recovery": 0.005450848282106998, "style_content_disentagle": 0.006655007251376662}