{"lam": 0.1, "rho1": 0.9, "rho2": 0.9, "ITER": 49, "d": 10, "style_recovery": 0.005113379929825224, "style_content_disentagle": 0.3762028020161564}