{"lam": 0.01, "rho1": 0.5, "rho2": 0.1, "ITER": 4, "d": 10, "style_recovery": 0.0040032217583370324, "style_content_disentagle": 0.34979885424123003}