{"lam": 1, "rho1": 0.9, "rho2": 0.5, "ITER": 42, "d": 10, "style_recovery": 0.003880823979967297, "style_content_disentagle": 0.2884513172075465}