{"lam": 10, "rho1": 0.1, "rho2": 0.5, "ITER": 48, "d": 10, "style_recovery": 0.005227008088606816, "style_content_disentagle": 0.0150029706816836}