{"lam": 0.01, "rho1": 0.1, "rho2": 0.9, "ITER": 37, "d": 10, "style_recovery": 0.004334742169126681, "style_content_disentagle": 0.3643962337819321}