{"lam": 10, "rho1": 0.9, "rho2": 0.1, "ITER": 21, "d": 10, "style_recovery": 0.0030592649940129994, "style_content_disentagle": 0.035124368274105935}