{"lam": 10000.0, "rho1": 0.5, "rho2": 0.5, "ITER": 2, "d": 10, "style_recovery": 0.004397462332048996, "style_content_disentagle": 0.004637751507881263}