{"lam": 0.01, "rho1": 0.1, "rho2": 0.5, "ITER": 2, "d": 10, "style_recovery": 0.004397462332049031, "style_content_disentagle": 0.31925495188948727}