{"lam": 0.01, "rho1": 0.5, "rho2": 0.1, "ITER": 33, "d": 10, "style_recovery": 0.004572453909049577, "style_content_disentagle": 0.3514106771822059}