{"lam": 0, "rho1": 0.1, "rho2": 0.5, "ITER": 28, "d": 10, "style_recovery": 0.003782465124870446, "style_content_disentagle": 0.3494447343649808}