{"lam": 0.01, "rho1": 0.1, "rho2": 0.9, "ITER": 47, "d": 10, "style_recovery": 0.007762824052941289, "style_content_disentagle": 0.3519809040258295}