{"lam": 100, "rho1": 0.9, "rho2": 0.1, "ITER": 46, "d": 10, "style_recovery": 0.004651322622972976, "style_content_disentagle": 0.006161335668767182}