{"lam": 0.01, "rho1": 0.9, "rho2": 0.1, "ITER": 41, "d": 10, "style_recovery": 0.0047132006281284675, "style_content_disentagle": 0.3392102725880728}