{"lam": 10, "rho1": 0.1, "rho2": 0.1, "ITER": 20, "d": 10, "style_recovery": 0.0030490066690174716, "style_content_disentagle": 0.00990297104417098}