{"lam": 10000.0, "rho1": 0.1, "rho2": 0.5, "ITER": 19, "d": 10, "style_recovery": 0.0036632260372955854, "style_content_disentagle": 0.005202376790531761}