{"lam": 0.01, "rho1": 0.1, "rho2": 0.5, "ITER": 21, "d": 10, "style_recovery": 0.0026049016052726356, "style_content_disentagle": 0.37174426112439496}