{"lam": 0.1, "rho1": 0.1, "rho2": 0.1, "ITER": 10, "d": 10, "style_recovery": 0.004359671827050335, "style_content_disentagle": 0.23668161210311994}