{"lam": 0.1, "rho1": 0.1, "rho2": 0.1, "ITER": 32, "d": 10, "style_recovery": 0.004798278635319714, "style_content_disentagle": 0.2513647494972985}