{"lam": 10000.0, "rho1": 0.9, "rho2": 0.1, "ITER": 15, "d": 10, "style_recovery": 0.003967021285071114, "style_content_disentagle": 0.005806462427482588}