{"lam": 0, "rho1": 0.1, "rho2": 0.1, "ITER": 32, "d": 10, "style_recovery": 0.004798278635319714, "style_content_disentagle": 0.3401891152341835}