{"lam": 10, "rho1": 0.1, "rho2": 0.5, "ITER": 40, "d": 10, "style_recovery": 0.0044256002063564085, "style_content_disentagle": 0.01731027001330037}