{"lam": 100, "rho1": 0.5, "rho2": 0.1, "ITER": 24, "d": 10, "style_recovery": 0.0048945518443784305, "style_content_disentagle": 0.0054378310660549425}