{"lam": 0.01, "rho1": 0.5, "rho2": 0.5, "ITER": 16, "d": 10, "style_recovery": 0.0035469058709326124, "style_content_disentagle": 0.36817066250570657}