{"lam": 0.1, "rho1": 0.5, "rho2": 0.5, "ITER": 36, "d": 10, "style_recovery": 0.004941251482268988, "style_content_disentagle": 0.3677194237662338}