{"lam": 1, "rho1": 0.1, "rho2": 0.1, "ITER": 1, "d": 10, "style_recovery": 0.005922910049117937, "style_content_disentagle": 0.09697648256369354}