{"lam": 1000, "rho1": 0.1, "rho2": 0.1, "ITER": 36, "d": 10, "style_recovery": 0.005365724831598575, "style_content_disentagle": 0.004473950266599547}