{"lam": 1, "rho1": 0.5, "rho2": 0.9, "ITER": 46, "d": 10, "style_recovery": 0.004115950514366719, "style_content_disentagle": 0.17552011183465577}