{"lam": 100, "rho1": 0.9, "rho2": 0.5, "ITER": 25, "d": 10, "style_recovery": 0.0030719900876109148, "style_content_disentagle": 0.006822468174383677}