{"lam": 100, "rho1": 0.5, "rho2": 0.9, "ITER": 41, "d": 10, "style_recovery": 0.004948957138354452, "style_content_disentagle": 0.012281582257075352}