{"lam": 10, "rho1": 0.1, "rho2": 0.9, "ITER": 39, "d": 10, "style_recovery": 0.0034365485118811588, "style_content_disentagle": 0.011339477807163432}