{"lam": 0.01, "rho1": 0.5, "rho2": 0.9, "ITER": 39, "d": 10, "style_recovery": 0.0034365485118811228, "style_content_disentagle": 0.38660205085517696}