{"lam": 0.1, "rho1": 0.5, "rho2": 0.9, "ITER": 41, "d": 10, "style_recovery": 0.004948957138354452, "style_content_disentagle": 0.390320240919632}