{"lam": 0.1, "rho1": 0.1, "rho2": 0.9, "ITER": 5, "d": 10, "style_recovery": 0.0037355364870605688, "style_content_disentagle": 0.29965196071056216}