{"lam": 1000, "rho1": 0.1, "rho2": 0.9, "ITER": 23, "d": 10, "style_recovery": 0.003750058711716788, "style_content_disentagle": 0.005098208942357898}