{"lam": 1000, "rho1": 0.1, "rho2": 0.9, "ITER": 47, "d": 10, "style_recovery": 0.007762824052941289, "style_content_disentagle": 0.005346251577067068}