{"lam": 10000.0, "rho1": 0.1, "rho2": 0.5, "ITER": 12, "d": 10, "style_recovery": 0.002903317418849311, "style_content_disentagle": 0.0045460842498088825}