{"lam": 0.1, "rho1": 0.5, "rho2": 0.9, "ITER": 24, "d": 10, "style_recovery": 0.0038268019789388227, "style_content_disentagle": 0.3850762710783722}