{"lam": 10000.0, "rho1": 0.9, "rho2": 0.1, "ITER": 16, "d": 10, "style_recovery": 0.0037039808869453, "style_content_disentagle": 0.004954109525672365}