{"lam": 10, "rho1": 0.5, "rho2": 0.5, "ITER": 21, "d": 10, "style_recovery": 0.0026049016052725974, "style_content_disentagle": 0.035780642684299334}