{"lam": 1, "rho1": 0.5, "rho2": 0.5, "ITER": 3, "d": 10, "style_recovery": 0.002911556656970752, "style_content_disentagle": 0.1857402452849669}