{"lam": 1000, "rho1": 0.1, "rho2": 0.9, "ITER": 22, "d": 10, "style_recovery": 0.003760257088143537, "style_content_disentagle": 0.004694204323236329}