{"lam": 1000, "rho1": 0.9, "rho2": 0.9, "ITER": 48, "d": 10, "style_recovery": 0.004548549828890276, "style_content_disentagle": 0.0038874631846725293}