{"lam": 10000.0, "rho1": 0.9, "rho2": 0.9, "ITER": 47, "d": 10, "style_recovery": 0.0077628240529414114, "style_content_disentagle": 0.005213597669236897}