{"lam": 0.1, "rho1": 0.5, "rho2": 0.9, "ITER": 22, "d": 10, "style_recovery": 0.0037602570881435683, "style_content_disentagle": 0.38383155183765305}