{"lam": 100, "rho1": 0.5, "rho2": 0.9, "ITER": 44, "d": 10, "style_recovery": 0.005046725154780424, "style_content_disentagle": 0.01269032300109764}