{"lam": 10000.0, "rho1": 0.5, "rho2": 0.9, "ITER": 5, "d": 10, "style_recovery": 0.0037355364870606416, "style_content_disentagle": 0.003925503754138545}