{"lam": 1, "rho1": 0.1, "rho2": 0.9, "ITER": 12, "d": 10, "style_recovery": 0.0024725509122077455, "style_content_disentagle": 0.040774171159448674}