{"lam": 0, "rho1": 0.1, "rho2": 0.5, "ITER": 45, "d": 10, "style_recovery": 0.003479784889604408, "style_content_disentagle": 0.33996528465942977}