{"lam": 0.01, "rho1": 0.5, "rho2": 0.9, "ITER": 49, "d": 10, "style_recovery": 0.0051133799298254, "style_content_disentagle": 0.38347134575214986}