{"lam": 100, "rho1": 0.9, "rho2": 0.5, "ITER": 13, "d": 10, "style_recovery": 0.003067301171675041, "style_content_disentagle": 0.005705386084320404}