{"lam": 1000, "rho1": 0.5, "rho2": 0.5, "ITER": 15, "d": 10, "style_recovery": 0.004146849579771237, "style_content_disentagle": 0.0055376704202690355}