{"lam": 100, "rho1": 0.9, "rho2": 0.1, "ITER": 25, "d": 10, "style_recovery": 0.00338351102458267, "style_content_disentagle": 0.005884739043177622}