{"lam": 10000.0, "rho1": 0.1, "rho2": 0.9, "ITER": 43, "d": 10, "style_recovery": 0.003676964483518337, "style_content_disentagle": 0.004930330939408047}