{"lam": 1, "rho1": 0.5, "rho2": 0.9, "ITER": 47, "d": 10, "style_recovery": 0.007762824052941261, "style_content_disentagle": 0.16908852095257038}