{"lam": 0.01, "rho1": 0.9, "rho2": 0.9, "ITER": 21, "d": 10, "style_recovery": 0.002047395237825208, "style_content_disentagle": 0.3718208331261363}