{"lam": 1000, "rho1": 0.5, "rho2": 0.1, "ITER": 13, "d": 10, "style_recovery": 0.0031595768470782763, "style_content_disentagle": 0.003465807685372531}