{"lam": 0.1, "rho1": 0.1, "rho2": 0.1, "ITER": 5, "d": 10, "style_recovery": 0.004740418243703499, "style_content_disentagle": 0.25975069762834246}