{"lam": 0.01, "rho1": 0.1, "rho2": 0.1, "ITER": 26, "d": 10, "style_recovery": 0.0032923729253525325, "style_content_disentagle": 0.30468831738453644}