{"lam": 0.01, "rho1": 0.1, "rho2": 0.1, "ITER": 17, "d": 10, "style_recovery": 0.004667243164926128, "style_content_disentagle": 0.3677868289827434}