{"lam": 0.1, "rho1": 0.9, "rho2": 0.9, "ITER": 26, "d": 10, "style_recovery": 0.0022062477291147266, "style_content_disentagle": 0.3800578112900896}