{"lam": 1000, "rho1": 0.9, "rho2": 0.1, "ITER": 31, "d": 10, "style_recovery": 0.0036247266670310094, "style_content_disentagle": 0.006043346680809348}