{"lam": 0, "rho1": 0.5, "rho2": 0.1, "ITER": 40, "d": 10, "style_recovery": 0.005512553251068695, "style_content_disentagle": 0.35168688336840037}