{"lam": 10, "rho1": 0.5, "rho2": 0.5, "ITER": 31, "d": 10, "style_recovery": 0.0037356076472818767, "style_content_disentagle": 0.037686249641580696}