{"lam": 0.1, "rho1": 0.5, "rho2": 0.5, "ITER": 10, "d": 10, "style_recovery": 0.004459743928797761, "style_content_disentagle": 0.3670130253888858}