{"lam": 0.1, "rho1": 0.9, "rho2": 0.5, "ITER": 11, "d": 10, "style_recovery": 0.004004794498315032, "style_content_disentagle": 0.3513422018876239}