{"lam": 0, "rho1": 0.5, "rho2": 0.5, "ITER": 12, "d": 10, "style_recovery": 0.002903317418849245, "style_content_disentagle": 0.3673257169685056}