{"lam": 0.1, "rho1": 0.9, "rho2": 0.9, "ITER": 12, "d": 10, "style_recovery": 0.002472550912207624, "style_content_disentagle": 0.3787208716279795}