{"lam": 0.1, "rho1": 0.9, "rho2": 0.9, "ITER": 2, "d": 10, "style_recovery": 0.004163353464603699, "style_content_disentagle": 0.37850190099084163}