{"lam": 0, "rho1": 0.1, "rho2": 0.9, "ITER": 30, "d": 10, "style_recovery": 0.004618180124066835, "style_content_disentagle": 0.36389186686904124}