{"lam": 0, "rho1": 0.9, "rho2": 0.1, "ITER": 10, "d": 10, "style_recovery": 0.004359671827050348, "style_content_disentagle": 0.33881217080138726}