{"lam": 100, "rho1": 0.5, "rho2": 0.5, "ITER": 1, "d": 10, "style_recovery": 0.006385369455652707, "style_content_disentagle": 0.0063222464254899385}