{"lam": 1000, "rho1": 0.9, "rho2": 0.1, "ITER": 33, "d": 10, "style_recovery": 0.004572453909049784, "style_content_disentagle": 0.006064603973012823}