{"lam": 0.01, "rho1": 0.1, "rho2": 0.1, "ITER": 35, "d": 10, "style_recovery": 0.004637224996274077, "style_content_disentagle": 0.3102491273992897}