{"lam": 0, "rho1": 0.1, "rho2": 0.5, "ITER": 0, "d": 10, "style_recovery": 0.003729145541011942, "style_content_disentagle": 0.3451508133300809}