{"lam": 10000.0, "rho1": 0.9, "rho2": 0.1, "ITER": 34, "d": 10, "style_recovery": 0.004547864429453055, "style_content_disentagle": 0.003997569992770138}