{"lam": 100, "rho1": 0.5, "rho2": 0.5, "ITER": 6, "d": 10, "style_recovery": 0.0038163618785941517, "style_content_disentagle": 0.0052009803839669294}