{"lam": 0, "rho1": 0.9, "rho2": 0.5, "ITER": 9, "d": 10, "style_recovery": 0.004998863269045949, "style_content_disentagle": 0.3515298827164944}