{"lam": 0.1, "rho1": 0.1, "rho2": 0.9, "ITER": 49, "d": 10, "style_recovery": 0.005113379929825375, "style_content_disentagle": 0.3095138952679546}