{"lam": 100, "rho1": 0.1, "rho2": 0.9, "ITER": 12, "d": 10, "style_recovery": 0.0024725509122077455, "style_content_disentagle": 0.0056560088555985405}