{"lam": 0.01, "rho1": 0.1, "rho2": 0.9, "ITER": 18, "d": 10, "style_recovery": 0.003183152266529641, "style_content_disentagle": 0.35457164076617304}