{"lam": 1, "rho1": 0.5, "rho2": 0.1, "ITER": 35, "d": 10, "style_recovery": 0.004637224996273786, "style_content_disentagle": 0.20368720259695702}