{"lam": 100, "rho1": 0.1, "rho2": 0.5, "ITER": 21, "d": 10, "style_recovery": 0.0026049016052726356, "style_content_disentagle": 0.0038787466633550443}