{"lam": 10000.0, "rho1": 0.5, "rho2": 0.1, "ITER": 39, "d": 10, "style_recovery": 0.003502581314742666, "style_content_disentagle": 0.0058133563757100755}