{"lam": 1, "rho1": 0.9, "rho2": 0.1, "ITER": 28, "d": 10, "style_recovery": 0.0038145492014007116, "style_content_disentagle": 0.3072305719008487}