{"lam": 0.01, "rho1": 0.9, "rho2": 0.1, "ITER": 43, "d": 10, "style_recovery": 0.0033740380517171785, "style_content_disentagle": 0.3396172686190505}