{"lam": 100, "rho1": 0.1, "rho2": 0.5, "ITER": 1, "d": 10, "style_recovery": 0.006385369455652509, "style_content_disentagle": 0.005241919302948937}