{"lam": 100, "rho1": 0.5, "rho2": 0.5, "ITER": 26, "d": 10, "style_recovery": 0.0028135811502790183, "style_content_disentagle": 0.006342421345136904}