{"lam": 1000, "rho1": 0.5, "rho2": 0.5, "ITER": 29, "d": 10, "style_recovery": 0.0028498948347989426, "style_content_disentagle": 0.0036242634552227085}