{"lam": 0, "rho1": 0.9, "rho2": 0.9, "ITER": 20, "d": 10, "style_recovery": 0.0028608629806884693, "style_content_disentagle": 0.37195611457913647}