{"lam": 1000, "rho1": 0.9, "rho2": 0.1, "ITER": 17, "d": 10, "style_recovery": 0.004667243164926579, "style_content_disentagle": 0.005537416766003795}