{"lam": 10, "rho1": 0.5, "rho2": 0.9, "ITER": 6, "d": 10, "style_recovery": 0.0032090872839095853, "style_content_disentagle": 0.027681574923423123}