{"lam": 1000, "rho1": 0.9, "rho2": 0.5, "ITER": 34, "d": 10, "style_recovery": 0.004862189637729273, "style_content_disentagle": 0.004205480899362118}