{"lam": 100, "rho1": 0.1, "rho2": 0.5, "ITER": 24, "d": 10, "style_recovery": 0.004429447195933271, "style_content_disentagle": 0.004737404200212955}