{"lam": 100, "rho1": 0.1, "rho2": 0.5, "ITER": 38, "d": 10, "style_recovery": 0.004066454366207207, "style_content_disentagle": 0.0058149070390698734}