{"lam": 0.1, "rho1": 0.9, "rho2": 0.5, "ITER": 22, "d": 10, "style_recovery": 0.00412994605038302, "style_content_disentagle": 0.3505772616345836}