{"lam": 10000.0, "rho1": 0.9, "rho2": 0.5, "ITER": 38, "d": 10, "style_recovery": 0.004066454366207161, "style_content_disentagle": 0.005469839351053464}