{"lam": 1, "rho1": 0.1, "rho2": 0.1, "ITER": 29, "d": 10, "style_recovery": 0.0029916223313622295, "style_content_disentagle": 0.09503335919673553}