{"lam": 1000, "rho1": 0.9, "rho2": 0.9, "ITER": 19, "d": 10, "style_recovery": 0.003150474515227501, "style_content_disentagle": 0.0055657409981058874}