{"lam": 10000.0, "rho1": 0.9, "rho2": 0.5, "ITER": 49, "d": 10, "style_recovery": 0.005049886592788244, "style_content_disentagle": 0.0059749697143062375}