{"lam": 10, "rho1": 0.9, "rho2": 0.1, "ITER": 7, "d": 10, "style_recovery": 0.0032855788909622687, "style_content_disentagle": 0.03773030710935933}