{"lam": 10000.0, "rho1": 0.1, "rho2": 0.5, "ITER": 17, "d": 10, "style_recovery": 0.004040966268940653, "style_content_disentagle": 0.005840665822242996}