{"lam": 1000, "rho1": 0.1, "rho2": 0.1, "ITER": 16, "d": 10, "style_recovery": 0.003703980886945099, "style_content_disentagle": 0.004969658808742596}