{"lam": 100, "rho1": 0.9, "rho2": 0.5, "ITER": 36, "d": 10, "style_recovery": 0.004941251482269016, "style_content_disentagle": 0.006209807669327723}