{"lam": 0.1, "rho1": 0.5, "rho2": 0.5, "ITER": 38, "d": 10, "style_recovery": 0.004066454366206983, "style_content_disentagle": 0.3669328173634553}