{"lam": 1, "rho1": 0.1, "rho2": 0.9, "ITER": 42, "d": 10, "style_recovery": 0.0030388658943985964, "style_content_disentagle": 0.04158789313774579}