{"lam": 0, "rho1": 0.9, "rho2": 0.9, "ITER": 41, "d": 10, "style_recovery": 0.004948957138354445, "style_content_disentagle": 0.3748671152032688}