{"lam": 0.1, "rho1": 0.9, "rho2": 0.1, "ITER": 1, "d": 10, "style_recovery": 0.00592291004911764, "style_content_disentagle": 0.3377565779998114}