{"lam": 0, "rho1": 0.9, "rho2": 0.1, "ITER": 18, "d": 10, "style_recovery": 0.003374251146740513, "style_content_disentagle": 0.33725651643334265}