{"lam": 0, "rho1": 0.9, "rho2": 0.5, "ITER": 12, "d": 10, "style_recovery": 0.002903317418849269, "style_content_disentagle": 0.3500119326071462}