{"lam": 0.1, "rho1": 0.9, "rho2": 0.5, "ITER": 27, "d": 10, "style_recovery": 0.005257986421869706, "style_content_disentagle": 0.35156960201184995}