{"lam": 0, "rho1": 0.9, "rho2": 0.1, "ITER": 6, "d": 10, "style_recovery": 0.0042619357087684065, "style_content_disentagle": 0.33861326383224244}