{"lam": 0, "rho1": 0.1, "rho2": 0.9, "ITER": 40, "d": 10, "style_recovery": 0.002832610337690603, "style_content_disentagle": 0.3536273879682917}