{"lam": 10, "rho1": 0.9, "rho2": 0.9, "ITER": 43, "d": 10, "style_recovery": 0.00367696448351831, "style_content_disentagle": 0.03759960789980333}