{"lam": 100, "rho1": 0.9, "rho2": 0.5, "ITER": 14, "d": 10, "style_recovery": 0.006141453112574526, "style_content_disentagle": 0.007223609499654865}