{"lam": 10, "rho1": 0.9, "rho2": 0.1, "ITER": 20, "d": 10, "style_recovery": 0.003049006669017336, "style_content_disentagle": 0.03728483034543253}