{"lam": 0, "rho1": 0.5, "rho2": 0.1, "ITER": 38, "d": 10, "style_recovery": 0.004288730670989142, "style_content_disentagle": 0.3486422445872271}