{"lam": 100, "rho1": 0.5, "rho2": 0.9, "ITER": 4, "d": 10, "style_recovery": 0.004534606574650311, "style_content_disentagle": 0.01259504296621979}