{"lam": 0.1, "rho1": 0.5, "rho2": 0.1, "ITER": 30, "d": 10, "style_recovery": 0.004979783023585763, "style_content_disentagle": 0.32490747803835435}