{"lam": 10000.0, "rho1": 0.9, "rho2": 0.5, "ITER": 13, "d": 10, "style_recovery": 0.003067301171675041, "style_content_disentagle": 0.0036428620759046556}