{"lam": 1, "rho1": 0.5, "rho2": 0.9, "ITER": 21, "d": 10, "style_recovery": 0.002047395237825427, "style_content_disentagle": 0.17130561864345345}