{"lam": 100, "rho1": 0.5, "rho2": 0.5, "ITER": 20, "d": 10, "style_recovery": 0.0029724416527313674, "style_content_disentagle": 0.005731500280670765}