{"lam": 0.01, "rho1": 0.5, "rho2": 0.9, "ITER": 27, "d": 10, "style_recovery": 0.0054871234638371675, "style_content_disentagle": 0.3860630091755125}