{"lam": 1, "rho1": 0.1, "rho2": 0.5, "ITER": 46, "d": 10, "style_recovery": 0.004405286517937958, "style_content_disentagle": 0.06884336065293359}