{"lam": 1000, "rho1": 0.1, "rho2": 0.5, "ITER": 43, "d": 10, "style_recovery": 0.003531694415071664, "style_content_disentagle": 0.00496484257579936}