{"lam": 10, "rho1": 0.5, "rho2": 0.5, "ITER": 41, "d": 10, "style_recovery": 0.004845015190895883, "style_content_disentagle": 0.03781562733052657}