{"lam": 0.01, "rho1": 0.1, "rho2": 0.9, "ITER": 43, "d": 10, "style_recovery": 0.003676964483518337, "style_content_disentagle": 0.3560664674289629}