{"lam": 0.1, "rho1": 0.1, "rho2": 0.9, "ITER": 45, "d": 10, "style_recovery": 0.00318798448003988, "style_content_disentagle": 0.3001597564368671}