{"lam": 0.01, "rho1": 0.5, "rho2": 0.9, "ITER": 0, "d": 10, "style_recovery": 0.0023325185582659283, "style_content_disentagle": 0.3897959074518521}