{"lam": 100, "rho1": 0.5, "rho2": 0.5, "ITER": 23, "d": 10, "style_recovery": 0.003972451218835301, "style_content_disentagle": 0.0062887007051355675}