{"lam": 10, "rho1": 0.5, "rho2": 0.1, "ITER": 0, "d": 10, "style_recovery": 0.004625355624122365, "style_content_disentagle": 0.02494780347938533}