{"lam": 0.1, "rho1": 0.9, "rho2": 0.5, "ITER": 13, "d": 10, "style_recovery": 0.003067301171675041, "style_content_disentagle": 0.35089606774693}