{"lam": 10, "rho1": 0.9, "rho2": 0.9, "ITER": 8, "d": 10, "style_recovery": 0.004235423078944528, "style_content_disentagle": 0.03729775221015257}