{"lam": 1, "rho1": 0.9, "rho2": 0.9, "ITER": 11, "d": 10, "style_recovery": 0.004028903694816061, "style_content_disentagle": 0.28391147958064156}