{"lam": 1, "rho1": 0.1, "rho2": 0.5, "ITER": 15, "d": 10, "style_recovery": 0.004146849579771335, "style_content_disentagle": 0.06782607703266068}