{"lam": 0.1, "rho1": 0.5, "rho2": 0.9, "ITER": 34, "d": 10, "style_recovery": 0.005147463583708114, "style_content_disentagle": 0.3893391152470419}