{"lam": 100, "rho1": 0.1, "rho2": 0.1, "ITER": 4, "d": 10, "style_recovery": 0.004003221758336959, "style_content_disentagle": 0.004490757921142012}