{"lam": 1, "rho1": 0.1, "rho2": 0.9, "ITER": 26, "d": 10, "style_recovery": 0.0022062477291147835, "style_content_disentagle": 0.03952148937322832}