{"lam": 10, "rho1": 0.5, "rho2": 0.9, "ITER": 2, "d": 10, "style_recovery": 0.004163353464603777, "style_content_disentagle": 0.028284973292878594}