{"lam": 10000.0, "rho1": 0.1, "rho2": 0.5, "ITER": 3, "d": 10, "style_recovery": 0.0029115566569706238, "style_content_disentagle": 0.004697504565692146}