{"lam": 100, "rho1": 0.9, "rho2": 0.9, "ITER": 25, "d": 10, "style_recovery": 0.0026814599509559127, "style_content_disentagle": 0.015879918865256634}