{"lam": 0, "rho1": 0.5, "rho2": 0.5, "ITER": 27, "d": 10, "style_recovery": 0.00525798642186994, "style_content_disentagle": 0.3706386409371718}