{"lam": 0.1, "rho1": 0.5, "rho2": 0.5, "ITER": 17, "d": 10, "style_recovery": 0.004040966268940827, "style_content_disentagle": 0.3675282177698557}