{"lam": 1000, "rho1": 0.1, "rho2": 0.9, "ITER": 49, "d": 10, "style_recovery": 0.005113379929825375, "style_content_disentagle": 0.0063183228458856934}