{"lam": 0, "rho1": 0.1, "rho2": 0.9, "ITER": 35, "d": 10, "style_recovery": 0.004056308446733383, "style_content_disentagle": 0.3449420835851418}