{"lam": 1, "rho1": 0.9, "rho2": 0.9, "ITER": 6, "d": 10, "style_recovery": 0.0032090872839096256, "style_content_disentagle": 0.28054730606021483}