{"lam": 10000.0, "rho1": 0.5, "rho2": 0.9, "ITER": 25, "d": 10, "style_recovery": 0.0026814599509557805, "style_content_disentagle": 0.005358456092571188}