{"lam": 10, "rho1": 0.9, "rho2": 0.9, "ITER": 9, "d": 10, "style_recovery": 0.005450848282107243, "style_content_disentagle": 0.036580801593413606}