{"lam": 100, "rho1": 0.9, "rho2": 0.9, "ITER": 18, "d": 10, "style_recovery": 0.003183152266530051, "style_content_disentagle": 0.016129359079253388}