{"lam": 0.01, "rho1": 0.5, "rho2": 0.9, "ITER": 46, "d": 10, "style_recovery": 0.004115950514366719, "style_content_disentagle": 0.38466714525110984}