{"lam": 0.01, "rho1": 0.9, "rho2": 0.5, "ITER": 16, "d": 10, "style_recovery": 0.003546905870932216, "style_content_disentagle": 0.3506345560363765}