{"lam": 100, "rho1": 0.5, "rho2": 0.1, "ITER": 26, "d": 10, "style_recovery": 0.0032923729253526114, "style_content_disentagle": 0.005666680208278952}