{"lam": 100, "rho1": 0.5, "rho2": 0.5, "ITER": 12, "d": 10, "style_recovery": 0.002903317418849245, "style_content_disentagle": 0.00516075040649097}