{"lam": 10000.0, "rho1": 0.1, "rho2": 0.1, "ITER": 24, "d": 10, "style_recovery": 0.004894551844378222, "style_content_disentagle": 0.004793360845979191}