{"lam": 0, "rho1": 0.5, "rho2": 0.5, "ITER": 47, "d": 10, "style_recovery": 0.007127069007824037, "style_content_disentagle": 0.37016470983280697}