{"lam": 10000.0, "rho1": 0.1, "rho2": 0.5, "ITER": 13, "d": 10, "style_recovery": 0.0030673011716750385, "style_content_disentagle": 0.003647254012622783}