{"lam": 0.01, "rho1": 0.9, "rho2": 0.5, "ITER": 28, "d": 10, "style_recovery": 0.003782465124870119, "style_content_disentagle": 0.35038490332123573}