{"lam": 1, "rho1": 0.9, "rho2": 0.9, "ITER": 23, "d": 10, "style_recovery": 0.0037500587117168596, "style_content_disentagle": 0.28250702934712596}