{"lam": 1, "rho1": 0.5, "rho2": 0.5, "ITER": 49, "d": 10, "style_recovery": 0.005049886592787991, "style_content_disentagle": 0.18451745706927553}