{"lam": 0.1, "rho1": 0.5, "rho2": 0.1, "ITER": 48, "d": 10, "style_recovery": 0.005822810052897351, "style_content_disentagle": 0.33853190225590074}