{"lam": 10, "rho1": 0.5, "rho2": 0.9, "ITER": 14, "d": 10, "style_recovery": 0.005875047845336044, "style_content_disentagle": 0.027518443966561563}