{"lam": 0.01, "rho1": 0.1, "rho2": 0.9, "ITER": 24, "d": 10, "style_recovery": 0.0038268019789388062, "style_content_disentagle": 0.33642735782286726}