{"lam": 1000, "rho1": 0.5, "rho2": 0.9, "ITER": 29, "d": 10, "style_recovery": 0.0027007322331833407, "style_content_disentagle": 0.003870709562984608}