{"lam": 0.1, "rho1": 0.5, "rho2": 0.5, "ITER": 40, "d": 10, "style_recovery": 0.00442560020635643, "style_content_disentagle": 0.3676198552111637}