{"lam": 10000.0, "rho1": 0.1, "rho2": 0.5, "ITER": 9, "d": 10, "style_recovery": 0.004998863269045807, "style_content_disentagle": 0.0046259121147467505}