{"lam": 10000.0, "rho1": 0.5, "rho2": 0.1, "ITER": 34, "d": 10, "style_recovery": 0.004547864429453161, "style_content_disentagle": 0.003993840240166377}