{"lam": 10000.0, "rho1": 0.9, "rho2": 0.1, "ITER": 45, "d": 10, "style_recovery": 0.003694499930457204, "style_content_disentagle": 0.004735333295488027}