{"lam": 0.1, "rho1": 0.5, "rho2": 0.1, "ITER": 20, "d": 10, "style_recovery": 0.0030490066690174065, "style_content_disentagle": 0.33822229559590794}