{"lam": 0.01, "rho1": 0.5, "rho2": 0.1, "ITER": 27, "d": 10, "style_recovery": 0.0049959631531264195, "style_content_disentagle": 0.3438641597817781}