{"lam": 0.1, "rho1": 0.5, "rho2": 0.9, "ITER": 20, "d": 10, "style_recovery": 0.0028608629806877645, "style_content_disentagle": 0.38229640983949803}