{"lam": 0.01, "rho1": 0.1, "rho2": 0.9, "ITER": 2, "d": 10, "style_recovery": 0.00416335346460371, "style_content_disentagle": 0.3378269615938748}