{"lam": 0.1, "rho1": 0.5, "rho2": 0.5, "ITER": 39, "d": 10, "style_recovery": 0.0034735011704215015, "style_content_disentagle": 0.36646179178282406}