{"lam": 0.01, "rho1": 0.9, "rho2": 0.1, "ITER": 34, "d": 10, "style_recovery": 0.004547864429453055, "style_content_disentagle": 0.33941550260207165}