{"lam": 1000, "rho1": 0.1, "rho2": 0.9, "ITER": 5, "d": 10, "style_recovery": 0.0037355364870605688, "style_content_disentagle": 0.003955118583012156}