{"lam": 10000.0, "rho1": 0.9, "rho2": 0.5, "ITER": 24, "d": 10, "style_recovery": 0.004429447195933312, "style_content_disentagle": 0.004490008140340506}