{"lam": 0.01, "rho1": 0.1, "rho2": 0.1, "ITER": 31, "d": 10, "style_recovery": 0.003624726667030981, "style_content_disentagle": 0.34309951348420964}