{"lam": 0.1, "rho1": 0.9, "rho2": 0.5, "ITER": 43, "d": 10, "style_recovery": 0.0035316944150717553, "style_content_disentagle": 0.35187323658932057}