{"lam": 1000, "rho1": 0.9, "rho2": 0.5, "ITER": 39, "d": 10, "style_recovery": 0.003473501170421064, "style_content_disentagle": 0.005962171250659015}