{"lam": 100, "rho1": 0.5, "rho2": 0.1, "ITER": 47, "d": 10, "style_recovery": 0.006425545005175835, "style_content_disentagle": 0.0065162809368217835}