{"lam": 10000.0, "rho1": 0.9, "rho2": 0.1, "ITER": 5, "d": 10, "style_recovery": 0.004740418243703511, "style_content_disentagle": 0.004063968742323934}