{"lam": 1000, "rho1": 0.9, "rho2": 0.1, "ITER": 48, "d": 10, "style_recovery": 0.005822810052897244, "style_content_disentagle": 0.0037302962857503953}