{"lam": 10000.0, "rho1": 0.9, "rho2": 0.9, "ITER": 29, "d": 10, "style_recovery": 0.0027007322331831242, "style_content_disentagle": 0.0032618507888160274}