{"lam": 10, "rho1": 0.5, "rho2": 0.1, "ITER": 37, "d": 10, "style_recovery": 0.003999179998451048, "style_content_disentagle": 0.025816869578028923}