{"lam": 10000.0, "rho1": 0.9, "rho2": 0.5, "ITER": 48, "d": 10, "style_recovery": 0.005227008088606787, "style_content_disentagle": 0.0035602135339436224}