{"lam": 0, "rho1": 0.5, "rho2": 0.9, "ITER": 26, "d": 10, "style_recovery": 0.0022062477291146304, "style_content_disentagle": 0.38464638929235434}