{"lam": 0.01, "rho1": 0.1, "rho2": 0.1, "ITER": 6, "d": 10, "style_recovery": 0.0042619357087682426, "style_content_disentagle": 0.34018086111188234}