{"lam": 10000.0, "rho1": 0.5, "rho2": 0.9, "ITER": 0, "d": 10, "style_recovery": 0.0023325185582659283, "style_content_disentagle": 0.006559088445143984}