{"lam": 1000, "rho1": 0.1, "rho2": 0.5, "ITER": 37, "d": 10, "style_recovery": 0.004170757469743412, "style_content_disentagle": 0.004615039684319676}