{"lam": 0.1, "rho1": 0.5, "rho2": 0.9, "ITER": 40, "d": 10, "style_recovery": 0.0028326103376907193, "style_content_disentagle": 0.38621366297363924}