{"lam": 10, "rho1": 0.1, "rho2": 0.9, "ITER": 28, "d": 10, "style_recovery": 0.0037185973430414756, "style_content_disentagle": 0.011702248517864972}