{"lam": 10, "rho1": 0.9, "rho2": 0.9, "ITER": 5, "d": 10, "style_recovery": 0.003735536487060642, "style_content_disentagle": 0.03633533735877287}