{"lam": 100, "rho1": 0.1, "rho2": 0.1, "ITER": 12, "d": 10, "style_recovery": 0.003219645471030247, "style_content_disentagle": 0.004664293440812453}