{"lam": 1, "rho1": 0.5, "rho2": 0.9, "ITER": 9, "d": 10, "style_recovery": 0.005450848282106993, "style_content_disentagle": 0.16831909609786372}