{"lam": 10, "rho1": 0.1, "rho2": 0.1, "ITER": 37, "d": 10, "style_recovery": 0.003999179998450982, "style_content_disentagle": 0.010709478499341495}