{"lam": 0.1, "rho1": 0.9, "rho2": 0.1, "ITER": 29, "d": 10, "style_recovery": 0.0029916223313622213, "style_content_disentagle": 0.34111702292652607}