{"lam": 10000.0, "rho1": 0.9, "rho2": 0.1, "ITER": 40, "d": 10, "style_recovery": 0.005512553251068568, "style_content_disentagle": 0.004586206621765973}