{"lam": 10000.0, "rho1": 0.1, "rho2": 0.9, "ITER": 15, "d": 10, "style_recovery": 0.00430987762004587, "style_content_disentagle": 0.005330879818101262}