{"lam": 0.1, "rho1": 0.1, "rho2": 0.9, "ITER": 46, "d": 10, "style_recovery": 0.004115950514366511, "style_content_disentagle": 0.3126580561667388}