{"lam": 1000, "rho1": 0.1, "rho2": 0.1, "ITER": 23, "d": 10, "style_recovery": 0.004175604318554071, "style_content_disentagle": 0.005037542511876104}