{"lam": 0, "rho1": 0.9, "rho2": 0.5, "ITER": 23, "d": 10, "style_recovery": 0.0039724512188352625, "style_content_disentagle": 0.3501296843797334}