{"lam": 10, "rho1": 0.5, "rho2": 0.5, "ITER": 28, "d": 10, "style_recovery": 0.003782465124870344, "style_content_disentagle": 0.03807514886207377}