{"lam": 10000.0, "rho1": 0.9, "rho2": 0.5, "ITER": 21, "d": 10, "style_recovery": 0.0026049016052725523, "style_content_disentagle": 0.004182845787221258}