{"lam": 1000, "rho1": 0.5, "rho2": 0.5, "ITER": 24, "d": 10, "style_recovery": 0.004429447195933257, "style_content_disentagle": 0.004514954509526972}