{"lam": 10000.0, "rho1": 0.1, "rho2": 0.9, "ITER": 13, "d": 10, "style_recovery": 0.0029350407584383836, "style_content_disentagle": 0.003823024668014757}