{"lam": 1000, "rho1": 0.1, "rho2": 0.5, "ITER": 38, "d": 10, "style_recovery": 0.004066454366207207, "style_content_disentagle": 0.005483415879419356}