{"lam": 0, "rho1": 0.1, "rho2": 0.1, "ITER": 9, "d": 10, "style_recovery": 0.00449103447484782, "style_content_disentagle": 0.3597856314524289}