{"lam": 1, "rho1": 0.9, "rho2": 0.1, "ITER": 13, "d": 10, "style_recovery": 0.0031595768470782824, "style_content_disentagle": 0.301067532015749}