{"lam": 0, "rho1": 0.5, "rho2": 0.5, "ITER": 9, "d": 10, "style_recovery": 0.004998863269046102, "style_content_disentagle": 0.37077458968969196}