{"lam": 10, "rho1": 0.5, "rho2": 0.5, "ITER": 48, "d": 10, "style_recovery": 0.005227008088606856, "style_content_disentagle": 0.03803739396559026}