{"lam": 0.1, "rho1": 0.1, "rho2": 0.9, "ITER": 11, "d": 10, "style_recovery": 0.004028903694816229, "style_content_disentagle": 0.30338061743931477}