{"lam": 0, "rho1": 0.9, "rho2": 0.5, "ITER": 31, "d": 10, "style_recovery": 0.0037356076472815206, "style_content_disentagle": 0.35177162034941295}