{"lam": 0.01, "rho1": 0.1, "rho2": 0.5, "ITER": 25, "d": 10, "style_recovery": 0.003071990087610942, "style_content_disentagle": 0.3489639775449429}