{"lam": 10, "rho1": 0.5, "rho2": 0.1, "ITER": 48, "d": 10, "style_recovery": 0.005822810052897351, "style_content_disentagle": 0.02504980315089212}