{"lam": 1, "rho1": 0.5, "rho2": 0.9, "ITER": 33, "d": 10, "style_recovery": 0.004328954559126651, "style_content_disentagle": 0.17140327266174368}