{"lam": 0.01, "rho1": 0.1, "rho2": 0.9, "ITER": 0, "d": 10, "style_recovery": 0.002332518558265919, "style_content_disentagle": 0.36128156130163824}