{"lam": 10, "rho1": 0.5, "rho2": 0.5, "ITER": 33, "d": 10, "style_recovery": 0.004462230484672792, "style_content_disentagle": 0.037001886689662616}