{"lam": 10, "rho1": 0.1, "rho2": 0.5, "ITER": 32, "d": 10, "style_recovery": 0.004540397123404462, "style_content_disentagle": 0.015519888966400122}