{"lam": 0.1, "rho1": 0.1, "rho2": 0.9, "ITER": 7, "d": 10, "style_recovery": 0.0031194077111292144, "style_content_disentagle": 0.3014308441653854}