{"lam": 100, "rho1": 0.5, "rho2": 0.5, "ITER": 45, "d": 10, "style_recovery": 0.0034797848896040927, "style_content_disentagle": 0.00575953874386569}