{"lam": 1000, "rho1": 0.5, "rho2": 0.1, "ITER": 36, "d": 10, "style_recovery": 0.00536572483159863, "style_content_disentagle": 0.0044730452628964825}