{"lam": 1000, "rho1": 0.5, "rho2": 0.5, "ITER": 7, "d": 10, "style_recovery": 0.003209964327954868, "style_content_disentagle": 0.0052511735482456716}