{"lam": 10000.0, "rho1": 0.9, "rho2": 0.1, "ITER": 36, "d": 10, "style_recovery": 0.005365724831598461, "style_content_disentagle": 0.00446273204868793}