{"lam": 100, "rho1": 0.5, "rho2": 0.9, "ITER": 18, "d": 10, "style_recovery": 0.003183152266529616, "style_content_disentagle": 0.01299155912058399}