{"lam": 10, "rho1": 0.9, "rho2": 0.5, "ITER": 0, "d": 10, "style_recovery": 0.0037291455410117724, "style_content_disentagle": 0.05055202589898851}