{"lam": 0, "rho1": 0.5, "rho2": 0.9, "ITER": 23, "d": 10, "style_recovery": 0.003750058711716786, "style_content_disentagle": 0.3848306468611954}