{"lam": 0.1, "rho1": 0.9, "rho2": 0.9, "ITER": 37, "d": 10, "style_recovery": 0.0043347421691266865, "style_content_disentagle": 0.37633926825643677}