{"lam": 0.01, "rho1": 0.1, "rho2": 0.9, "ITER": 23, "d": 10, "style_recovery": 0.003750058711716788, "style_content_disentagle": 0.3754307570149877}