{"lam": 10000.0, "rho1": 0.9, "rho2": 0.1, "ITER": 39, "d": 10, "style_recovery": 0.0035025813147427664, "style_content_disentagle": 0.005817825895710375}