{"lam": 10000.0, "rho1": 0.9, "rho2": 0.1, "ITER": 8, "d": 10, "style_recovery": 0.005459541694078017, "style_content_disentagle": 0.003667530694257828}