{"lam": 100, "rho1": 0.5, "rho2": 0.9, "ITER": 16, "d": 10, "style_recovery": 0.003381660085548518, "style_content_disentagle": 0.012700621244628715}