{"lam": 10000.0, "rho1": 0.9, "rho2": 0.9, "ITER": 40, "d": 10, "style_recovery": 0.0028326103376904443, "style_content_disentagle": 0.004688517272685008}