{"lam": 10000.0, "rho1": 0.1, "rho2": 0.5, "ITER": 49, "d": 10, "style_recovery": 0.005049886592788108, "style_content_disentagle": 0.005950095456969028}