{"lam": 10, "rho1": 0.1, "rho2": 0.5, "ITER": 12, "d": 10, "style_recovery": 0.002903317418849311, "style_content_disentagle": 0.014269437278069624}