{"lam": 0, "rho1": 0.5, "rho2": 0.1, "ITER": 45, "d": 10, "style_recovery": 0.0036944999304571726, "style_content_disentagle": 0.34738447690244634}