{"lam": 0.01, "rho1": 0.5, "rho2": 0.9, "ITER": 45, "d": 10, "style_recovery": 0.0031879844800399406, "style_content_disentagle": 0.3850341109343144}