{"lam": 10000.0, "rho1": 0.5, "rho2": 0.1, "ITER": 26, "d": 10, "style_recovery": 0.0032923729253526114, "style_content_disentagle": 0.004787881495789204}