{"lam": 1000, "rho1": 0.9, "rho2": 0.1, "ITER": 3, "d": 10, "style_recovery": 0.0034833872299523698, "style_content_disentagle": 0.004684943145472422}