{"lam": 0, "rho1": 0.1, "rho2": 0.5, "ITER": 34, "d": 10, "style_recovery": 0.004862189637729053, "style_content_disentagle": 0.322085866560884}