{"lam": 100, "rho1": 0.5, "rho2": 0.5, "ITER": 47, "d": 10, "style_recovery": 0.007127069007824037, "style_content_disentagle": 0.0071479581952662696}