{"lam": 100, "rho1": 0.1, "rho2": 0.9, "ITER": 0, "d": 10, "style_recovery": 0.002332518558265919, "style_content_disentagle": 0.007765127678433922}