{"lam": 0.1, "rho1": 0.9, "rho2": 0.5, "ITER": 35, "d": 10, "style_recovery": 0.004365320170270177, "style_content_disentagle": 0.35015459845277286}