{"lam": 0.01, "rho1": 0.5, "rho2": 0.9, "ITER": 5, "d": 10, "style_recovery": 0.0037355364870606416, "style_content_disentagle": 0.3855300806221193}