{"lam": 100, "rho1": 0.9, "rho2": 0.1, "ITER": 1, "d": 10, "style_recovery": 0.00592291004911764, "style_content_disentagle": 0.0063910476295562235}