{"lam": 0.1, "rho1": 0.9, "rho2": 0.9, "ITER": 33, "d": 10, "style_recovery": 0.004328954559126533, "style_content_disentagle": 0.37883653339935863}