{"lam": 1, "rho1": 0.9, "rho2": 0.9, "ITER": 22, "d": 10, "style_recovery": 0.003760257088143639, "style_content_disentagle": 0.29149624151167924}