{"lam": 0.1, "rho1": 0.9, "rho2": 0.9, "ITER": 16, "d": 10, "style_recovery": 0.003381660085548609, "style_content_disentagle": 0.37953067354805947}