{"lam": 0.1, "rho1": 0.5, "rho2": 0.5, "ITER": 25, "d": 10, "style_recovery": 0.0030719900876110496, "style_content_disentagle": 0.3680429278192509}