{"lam": 0, "rho1": 0.1, "rho2": 0.1, "ITER": 30, "d": 10, "style_recovery": 0.004979783023585767, "style_content_disentagle": 0.336474162957923}