{"lam": 10000.0, "rho1": 0.9, "rho2": 0.1, "ITER": 23, "d": 10, "style_recovery": 0.004175604318554186, "style_content_disentagle": 0.005041319938382621}