{"lam": 1000, "rho1": 0.1, "rho2": 0.9, "ITER": 2, "d": 10, "style_recovery": 0.00416335346460371, "style_content_disentagle": 0.004517583588184689}