{"lam": 10, "rho1": 0.9, "rho2": 0.9, "ITER": 42, "d": 10, "style_recovery": 0.0030388658943985595, "style_content_disentagle": 0.035613475755932336}