{"lam": 10000.0, "rho1": 0.1, "rho2": 0.5, "ITER": 20, "d": 10, "style_recovery": 0.0029724416527313353, "style_content_disentagle": 0.004647343836545225}