{"lam": 100, "rho1": 0.1, "rho2": 0.1, "ITER": 41, "d": 10, "style_recovery": 0.004713200628128313, "style_content_disentagle": 0.004928173033124385}