{"lam": 0.01, "rho1": 0.9, "rho2": 0.5, "ITER": 37, "d": 10, "style_recovery": 0.004170757469743655, "style_content_disentagle": 0.34914597394479757}