{"lam": 10, "rho1": 0.5, "rho2": 0.9, "ITER": 41, "d": 10, "style_recovery": 0.004948957138354452, "style_content_disentagle": 0.02792328316437609}