{"lam": 100, "rho1": 0.9, "rho2": 0.5, "ITER": 47, "d": 10, "style_recovery": 0.00712706900782409, "style_content_disentagle": 0.007727653040862573}