{"lam": 1000, "rho1": 0.5, "rho2": 0.1, "ITER": 21, "d": 10, "style_recovery": 0.0030592649940128537, "style_content_disentagle": 0.004394329026074205}