{"lam": 10000.0, "rho1": 0.5, "rho2": 0.9, "ITER": 37, "d": 10, "style_recovery": 0.0043347421691266735, "style_content_disentagle": 0.004896815948825814}