{"lam": 100, "rho1": 0.1, "rho2": 0.5, "ITER": 43, "d": 10, "style_recovery": 0.003531694415071664, "style_content_disentagle": 0.0054558693102857775}