{"lam": 100, "rho1": 0.9, "rho2": 0.5, "ITER": 33, "d": 10, "style_recovery": 0.004462230484672788, "style_content_disentagle": 0.006643185074921644}