{"lam": 0, "rho1": 0.5, "rho2": 0.9, "ITER": 32, "d": 10, "style_recovery": 0.004264593632383692, "style_content_disentagle": 0.3858435676600845}