{"lam": 0, "rho1": 0.9, "rho2": 0.5, "ITER": 17, "d": 10, "style_recovery": 0.004040966268940786, "style_content_disentagle": 0.3516071668006989}