{"lam": 10000.0, "rho1": 0.5, "rho2": 0.1, "ITER": 21, "d": 10, "style_recovery": 0.0030592649940128537, "style_content_disentagle": 0.004473827912887201}