{"lam": 100, "rho1": 0.9, "rho2": 0.5, "ITER": 46, "d": 10, "style_recovery": 0.004405286517937942, "style_content_disentagle": 0.006865337952171255}