{"lam": 0.1, "rho1": 0.5, "rho2": 0.9, "ITER": 7, "d": 10, "style_recovery": 0.003119407711128918, "style_content_disentagle": 0.3883690418575553}