{"lam": 10000.0, "rho1": 0.9, "rho2": 0.1, "ITER": 20, "d": 10, "style_recovery": 0.003049006669017336, "style_content_disentagle": 0.004678044554994037}