{"lam": 1, "rho1": 0.1, "rho2": 0.5, "ITER": 5, "d": 10, "style_recovery": 0.004287503358439497, "style_content_disentagle": 0.06356185452907816}