{"lam": 10000.0, "rho1": 0.1, "rho2": 0.1, "ITER": 0, "d": 10, "style_recovery": 0.004625355624122379, "style_content_disentagle": 0.005894855062318499}