{"lam": 100, "rho1": 0.9, "rho2": 0.5, "ITER": 4, "d": 10, "style_recovery": 0.004288850087252937, "style_content_disentagle": 0.0063828832226366745}