{"lam": 0, "rho1": 0.9, "rho2": 0.5, "ITER": 6, "d": 10, "style_recovery": 0.0038163618785934427, "style_content_disentagle": 0.35034604472384706}