{"lam": 0.1, "rho1": 0.9, "rho2": 0.1, "ITER": 4, "d": 10, "style_recovery": 0.004003221758337129, "style_content_disentagle": 0.34014800434414627}