{"lam": 0, "rho1": 0.1, "rho2": 0.1, "ITER": 28, "d": 10, "style_recovery": 0.0038145492014006895, "style_content_disentagle": 0.33628495187275587}