{"lam": 1000, "rho1": 0.9, "rho2": 0.9, "ITER": 28, "d": 10, "style_recovery": 0.00371859734304114, "style_content_disentagle": 0.005491937781585346}