{"lam": 100, "rho1": 0.9, "rho2": 0.9, "ITER": 24, "d": 10, "style_recovery": 0.003826801978938997, "style_content_disentagle": 0.01553954653602869}