{"lam": 1000, "rho1": 0.9, "rho2": 0.1, "ITER": 36, "d": 10, "style_recovery": 0.005365724831598461, "style_content_disentagle": 0.004446576344030798}