{"lam": 100, "rho1": 0.5, "rho2": 0.1, "ITER": 13, "d": 10, "style_recovery": 0.0031595768470782763, "style_content_disentagle": 0.004153226918702551}