{"lam": 1000, "rho1": 0.5, "rho2": 0.9, "ITER": 13, "d": 10, "style_recovery": 0.002935040758438578, "style_content_disentagle": 0.004141090718769242}