{"lam": 1000, "rho1": 0.1, "rho2": 0.1, "ITER": 5, "d": 10, "style_recovery": 0.004740418243703499, "style_content_disentagle": 0.004062859433770381}