{"lam": 10000.0, "rho1": 0.9, "rho2": 0.5, "ITER": 32, "d": 10, "style_recovery": 0.00454039712340433, "style_content_disentagle": 0.004715955308894336}