{"lam": 0, "rho1": 0.1, "rho2": 0.1, "ITER": 15, "d": 10, "style_recovery": 0.003967021285071042, "style_content_disentagle": 0.3471614631374894}