{"lam": 100, "rho1": 0.5, "rho2": 0.1, "ITER": 14, "d": 10, "style_recovery": 0.006376226903273195, "style_content_disentagle": 0.006318711376110242}