{"lam": 0.1, "rho1": 0.5, "rho2": 0.1, "ITER": 25, "d": 10, "style_recovery": 0.0033835110245824447, "style_content_disentagle": 0.33782695933750506}