{"lam": 0.01, "rho1": 0.5, "rho2": 0.9, "ITER": 1, "d": 10, "style_recovery": 0.00680749356285882, "style_content_disentagle": 0.3871335864665536}