{"lam": 1000, "rho1": 0.5, "rho2": 0.1, "ITER": 28, "d": 10, "style_recovery": 0.0038145492014007736, "style_content_disentagle": 0.005180070080778766}