{"lam": 0, "rho1": 0.5, "rho2": 0.5, "ITER": 11, "d": 10, "style_recovery": 0.004004794498315161, "style_content_disentagle": 0.37133519642171514}