{"lam": 0, "rho1": 0.1, "rho2": 0.5, "ITER": 47, "d": 10, "style_recovery": 0.007127069007824111, "style_content_disentagle": 0.33652119757391197}