{"lam": 1, "rho1": 0.1, "rho2": 0.5, "ITER": 33, "d": 10, "style_recovery": 0.004462230484672913, "style_content_disentagle": 0.06619814294169887}