{"lam": 1000, "rho1": 0.5, "rho2": 0.9, "ITER": 15, "d": 10, "style_recovery": 0.004309877620045819, "style_content_disentagle": 0.005497626130296357}