{"lam": 0.1, "rho1": 0.9, "rho2": 0.1, "ITER": 42, "d": 10, "style_recovery": 0.0045342961162718725, "style_content_disentagle": 0.3409367611012213}