{"lam": 10000.0, "rho1": 0.9, "rho2": 0.1, "ITER": 37, "d": 10, "style_recovery": 0.003999179998451058, "style_content_disentagle": 0.0042700443970356255}