{"lam": 100, "rho1": 0.1, "rho2": 0.5, "ITER": 9, "d": 10, "style_recovery": 0.004998863269045807, "style_content_disentagle": 0.005255506411164507}