{"lam": 10000.0, "rho1": 0.1, "rho2": 0.5, "ITER": 37, "d": 10, "style_recovery": 0.004170757469743412, "style_content_disentagle": 0.004617955753274241}