{"lam": 100, "rho1": 0.9, "rho2": 0.9, "ITER": 36, "d": 10, "style_recovery": 0.004474045871717308, "style_content_disentagle": 0.01575061475703245}