{"lam": 0, "rho1": 0.5, "rho2": 0.1, "ITER": 41, "d": 10, "style_recovery": 0.0047132006281283756, "style_content_disentagle": 0.3494378708682309}