{"lam": 10000.0, "rho1": 0.9, "rho2": 0.9, "ITER": 39, "d": 10, "style_recovery": 0.0034365485118811475, "style_content_disentagle": 0.0060827803672703715}