{"lam": 1000, "rho1": 0.9, "rho2": 0.1, "ITER": 41, "d": 10, "style_recovery": 0.0047132006281284675, "style_content_disentagle": 0.0050238822924111165}