{"lam": 10000.0, "rho1": 0.5, "rho2": 0.9, "ITER": 17, "d": 10, "style_recovery": 0.0032002684002646054, "style_content_disentagle": 0.006150546226562964}