{"lam": 100, "rho1": 0.5, "rho2": 0.1, "ITER": 35, "d": 10, "style_recovery": 0.004637224996273786, "style_content_disentagle": 0.004394030292035351}