{"lam": 1, "rho1": 0.5, "rho2": 0.1, "ITER": 10, "d": 10, "style_recovery": 0.004359671827050436, "style_content_disentagle": 0.20284588115095845}