{"lam": 0.01, "rho1": 0.9, "rho2": 0.1, "ITER": 37, "d": 10, "style_recovery": 0.003999179998451058, "style_content_disentagle": 0.3382799168978237}