{"lam": 100, "rho1": 0.1, "rho2": 0.9, "ITER": 41, "d": 10, "style_recovery": 0.004948957138354205, "style_content_disentagle": 0.006429019131523788}