{"lam": 0.1, "rho1": 0.1, "rho2": 0.1, "ITER": 18, "d": 10, "style_recovery": 0.003374251146740752, "style_content_disentagle": 0.23831180856719913}