{"lam": 100, "rho1": 0.1, "rho2": 0.9, "ITER": 17, "d": 10, "style_recovery": 0.003200268400264779, "style_content_disentagle": 0.007492038350669332}