{"lam": 100, "rho1": 0.9, "rho2": 0.1, "ITER": 4, "d": 10, "style_recovery": 0.004003221758337129, "style_content_disentagle": 0.005470734989559651}