{"lam": 0, "rho1": 0.1, "rho2": 0.1, "ITER": 35, "d": 10, "style_recovery": 0.004637224996274077, "style_content_disentagle": 0.31761631165171006}