{"lam": 1, "rho1": 0.5, "rho2": 0.1, "ITER": 8, "d": 10, "style_recovery": 0.0054595416940780685, "style_content_disentagle": 0.20536949871416751}