{"lam": 0, "rho1": 0.1, "rho2": 0.1, "ITER": 10, "d": 10, "style_recovery": 0.004359671827050335, "style_content_disentagle": 0.3123849942908056}