{"lam": 10000.0, "rho1": 0.1, "rho2": 0.1, "ITER": 36, "d": 10, "style_recovery": 0.005365724831598575, "style_content_disentagle": 0.0044622480290030415}