{"lam": 1000, "rho1": 0.9, "rho2": 0.9, "ITER": 46, "d": 10, "style_recovery": 0.004115950514366611, "style_content_disentagle": 0.005550933001152602}