{"lam": 0.01, "rho1": 0.5, "rho2": 0.1, "ITER": 10, "d": 10, "style_recovery": 0.004359671827050436, "style_content_disentagle": 0.34124413936717707}