{"lam": 0.01, "rho1": 0.5, "rho2": 0.1, "ITER": 11, "d": 10, "style_recovery": 0.003980460175629343, "style_content_disentagle": 0.34567887975841344}