{"lam": 10000.0, "rho1": 0.5, "rho2": 0.5, "ITER": 30, "d": 10, "style_recovery": 0.004802820224769002, "style_content_disentagle": 0.00473034229828764}