{"lam": 0, "rho1": 0.5, "rho2": 0.9, "ITER": 43, "d": 10, "style_recovery": 0.00367696448351828, "style_content_disentagle": 0.384870842955556}