{"lam": 0, "rho1": 0.9, "rho2": 0.9, "ITER": 15, "d": 10, "style_recovery": 0.004309877620045537, "style_content_disentagle": 0.375352996290317}