{"lam": 10, "rho1": 0.9, "rho2": 0.9, "ITER": 31, "d": 10, "style_recovery": 0.0038220600064525294, "style_content_disentagle": 0.03673807226080579}