{"lam": 10000.0, "rho1": 0.1, "rho2": 0.5, "ITER": 10, "d": 10, "style_recovery": 0.004459743928797827, "style_content_disentagle": 0.004674428236764788}