{"lam": 1000, "rho1": 0.1, "rho2": 0.5, "ITER": 48, "d": 10, "style_recovery": 0.005227008088606816, "style_content_disentagle": 0.003558065512264185}