{"lam": 10000.0, "rho1": 0.5, "rho2": 0.1, "ITER": 46, "d": 10, "style_recovery": 0.0046513226229730285, "style_content_disentagle": 0.005381335938986759}