{"lam": 0.01, "rho1": 0.9, "rho2": 0.5, "ITER": 15, "d": 10, "style_recovery": 0.00414684957977082, "style_content_disentagle": 0.35071196764584855}