{"lam": 1, "rho1": 0.5, "rho2": 0.1, "ITER": 38, "d": 10, "style_recovery": 0.004288730670989142, "style_content_disentagle": 0.20661878335941877}