{"lam": 100, "rho1": 0.9, "rho2": 0.9, "ITER": 0, "d": 10, "style_recovery": 0.002332518558265967, "style_content_disentagle": 0.016110287135244327}