{"lam": 1000, "rho1": 0.1, "rho2": 0.9, "ITER": 16, "d": 10, "style_recovery": 0.0033816600855486193, "style_content_disentagle": 0.004789409649372544}