{"lam": 1000, "rho1": 0.9, "rho2": 0.5, "ITER": 46, "d": 10, "style_recovery": 0.004405286517937942, "style_content_disentagle": 0.005292863007451797}