{"lam": 10, "rho1": 0.9, "rho2": 0.9, "ITER": 14, "d": 10, "style_recovery": 0.005875047845336205, "style_content_disentagle": 0.03635886579210867}