{"lam": 1000, "rho1": 0.1, "rho2": 0.9, "ITER": 48, "d": 10, "style_recovery": 0.004548549828890145, "style_content_disentagle": 0.0035040773341038526}