{"lam": 10000.0, "rho1": 0.1, "rho2": 0.9, "ITER": 33, "d": 10, "style_recovery": 0.004328954559126693, "style_content_disentagle": 0.006096671904291714}