{"lam": 100, "rho1": 0.9, "rho2": 0.1, "ITER": 2, "d": 10, "style_recovery": 0.004619254479221699, "style_content_disentagle": 0.006230004382834444}