{"lam": 100, "rho1": 0.5, "rho2": 0.9, "ITER": 13, "d": 10, "style_recovery": 0.002935040758438578, "style_content_disentagle": 0.012049577244719799}