{"lam": 1000, "rho1": 0.1, "rho2": 0.5, "ITER": 12, "d": 10, "style_recovery": 0.002903317418849311, "style_content_disentagle": 0.004508037775746376}