{"lam": 1000, "rho1": 0.1, "rho2": 0.9, "ITER": 1, "d": 10, "style_recovery": 0.0068074935628588875, "style_content_disentagle": 0.0047652338111722516}