{"lam": 0.1, "rho1": 0.5, "rho2": 0.1, "ITER": 19, "d": 10, "style_recovery": 0.004089915945971705, "style_content_disentagle": 0.32575047866533063}