{"lam": 0.01, "rho1": 0.5, "rho2": 0.5, "ITER": 7, "d": 10, "style_recovery": 0.003209964327954868, "style_content_disentagle": 0.3698362783178066}