{"lam": 10000.0, "rho1": 0.5, "rho2": 0.5, "ITER": 35, "d": 10, "style_recovery": 0.0043653201702702725, "style_content_disentagle": 0.004114503730338519}