{"lam": 1000, "rho1": 0.5, "rho2": 0.5, "ITER": 39, "d": 10, "style_recovery": 0.0034735011704215015, "style_content_disentagle": 0.005943497491175674}