{"lam": 0.01, "rho1": 0.9, "rho2": 0.9, "ITER": 45, "d": 10, "style_recovery": 0.003187984480039653, "style_content_disentagle": 0.37346481147434313}