{"lam": 100, "rho1": 0.5, "rho2": 0.1, "ITER": 29, "d": 10, "style_recovery": 0.002991622331362461, "style_content_disentagle": 0.00524240581353165}