{"lam": 100, "rho1": 0.1, "rho2": 0.9, "ITER": 10, "d": 10, "style_recovery": 0.004541690801189476, "style_content_disentagle": 0.005645727724891604}