{"lam": 0.01, "rho1": 0.5, "rho2": 0.9, "ITER": 11, "d": 10, "style_recovery": 0.004028903694816233, "style_content_disentagle": 0.38825995215846765}