{"lam": 1, "rho1": 0.9, "rho2": 0.5, "ITER": 24, "d": 10, "style_recovery": 0.004429447195933312, "style_content_disentagle": 0.2887990987076664}