{"lam": 1000, "rho1": 0.1, "rho2": 0.1, "ITER": 33, "d": 10, "style_recovery": 0.004572453909049762, "style_content_disentagle": 0.006170273552411385}