{"lam": 10, "rho1": 0.1, "rho2": 0.1, "ITER": 7, "d": 10, "style_recovery": 0.003285578890962198, "style_content_disentagle": 0.011454596612824892}