{"lam": 100, "rho1": 0.9, "rho2": 0.5, "ITER": 41, "d": 10, "style_recovery": 0.004845015190895833, "style_content_disentagle": 0.0063374203328495195}