{"lam": 1000, "rho1": 0.9, "rho2": 0.1, "ITER": 12, "d": 10, "style_recovery": 0.0032196454710302796, "style_content_disentagle": 0.004822404850844792}