{"lam": 10, "rho1": 0.5, "rho2": 0.5, "ITER": 0, "d": 10, "style_recovery": 0.003729145541011744, "style_content_disentagle": 0.037666139080074726}