{"lam": 10000.0, "rho1": 0.1, "rho2": 0.1, "ITER": 22, "d": 10, "style_recovery": 0.004388103409439234, "style_content_disentagle": 0.0052134488767468295}