{"lam": 10, "rho1": 0.9, "rho2": 0.9, "ITER": 27, "d": 10, "style_recovery": 0.005487123463837252, "style_content_disentagle": 0.03750467632645282}