{"lam": 10, "rho1": 0.9, "rho2": 0.1, "ITER": 32, "d": 10, "style_recovery": 0.004798278635319759, "style_content_disentagle": 0.037702944943672115}