{"lam": 1000, "rho1": 0.5, "rho2": 0.1, "ITER": 9, "d": 10, "style_recovery": 0.004491034474847754, "style_content_disentagle": 0.004845964139275647}