{"lam": 10000.0, "rho1": 0.1, "rho2": 0.9, "ITER": 31, "d": 10, "style_recovery": 0.0038220600064522324, "style_content_disentagle": 0.005972939107435217}