{"lam": 10000.0, "rho1": 0.9, "rho2": 0.1, "ITER": 19, "d": 10, "style_recovery": 0.004089915945971919, "style_content_disentagle": 0.005305097144814826}