{"lam": 0, "rho1": 0.5, "rho2": 0.9, "ITER": 8, "d": 10, "style_recovery": 0.004235423078944396, "style_content_disentagle": 0.38369498217630016}