{"lam": 10, "rho1": 0.1, "rho2": 0.9, "ITER": 19, "d": 10, "style_recovery": 0.0031504745152273446, "style_content_disentagle": 0.01097110684501036}