{"lam": 10000.0, "rho1": 0.5, "rho2": 0.9, "ITER": 28, "d": 10, "style_recovery": 0.0037185973430414743, "style_content_disentagle": 0.005173755041027037}