{"lam": 100, "rho1": 0.1, "rho2": 0.5, "ITER": 4, "d": 10, "style_recovery": 0.004288850087252752, "style_content_disentagle": 0.004736302692598613}