{"lam": 0, "rho1": 0.1, "rho2": 0.9, "ITER": 44, "d": 10, "style_recovery": 0.005046725154780489, "style_content_disentagle": 0.36771451431033947}