{"lam": 1000, "rho1": 0.1, "rho2": 0.5, "ITER": 14, "d": 10, "style_recovery": 0.006141453112574502, "style_content_disentagle": 0.006766044877084367}