{"lam": 0.01, "rho1": 0.9, "rho2": 0.9, "ITER": 26, "d": 10, "style_recovery": 0.0022062477291147266, "style_content_disentagle": 0.37574791601947505}