{"lam": 100, "rho1": 0.1, "rho2": 0.1, "ITER": 11, "d": 10, "style_recovery": 0.003980460175629733, "style_content_disentagle": 0.004475232443366968}