{"lam": 10, "rho1": 0.9, "rho2": 0.5, "ITER": 19, "d": 10, "style_recovery": 0.003663226037295577, "style_content_disentagle": 0.052656426737018515}