{"lam": 10000.0, "rho1": 0.9, "rho2": 0.1, "ITER": 22, "d": 10, "style_recovery": 0.004388103409439301, "style_content_disentagle": 0.005220805691055809}