{"lam": 1, "rho1": 0.9, "rho2": 0.5, "ITER": 26, "d": 10, "style_recovery": 0.0028135811502786726, "style_content_disentagle": 0.28916097049079953}