{"lam": 0.1, "rho1": 0.9, "rho2": 0.5, "ITER": 17, "d": 10, "style_recovery": 0.004040966268940786, "style_content_disentagle": 0.35203905163829435}