{"lam": 0.1, "rho1": 0.9, "rho2": 0.5, "ITER": 3, "d": 10, "style_recovery": 0.0029115566569709985, "style_content_disentagle": 0.35055489418702984}