{"lam": 0.01, "rho1": 0.1, "rho2": 0.1, "ITER": 39, "d": 10, "style_recovery": 0.003502581314742444, "style_content_disentagle": 0.3534751095837344}