{"lam": 1000, "rho1": 0.5, "rho2": 0.5, "ITER": 49, "d": 10, "style_recovery": 0.005049886592787991, "style_content_disentagle": 0.005925869344000479}