{"lam": 10000.0, "rho1": 0.1, "rho2": 0.9, "ITER": 2, "d": 10, "style_recovery": 0.00416335346460371, "style_content_disentagle": 0.004388021808934}