{"lam": 10, "rho1": 0.1, "rho2": 0.1, "ITER": 14, "d": 10, "style_recovery": 0.006376226903273312, "style_content_disentagle": 0.010361148102600672}