{"lam": 0.01, "rho1": 0.1, "rho2": 0.9, "ITER": 6, "d": 10, "style_recovery": 0.0032090872839096512, "style_content_disentagle": 0.3663551290489945}