{"lam": 10000.0, "rho1": 0.1, "rho2": 0.1, "ITER": 2, "d": 10, "style_recovery": 0.004619254479221644, "style_content_disentagle": 0.004877255273179016}