{"lam": 1, "rho1": 0.5, "rho2": 0.9, "ITER": 14, "d": 10, "style_recovery": 0.005875047845336044, "style_content_disentagle": 0.17291699394689095}