{"lam": 100, "rho1": 0.9, "rho2": 0.1, "ITER": 27, "d": 10, "style_recovery": 0.0049959631531263605, "style_content_disentagle": 0.0064904525716276956}