{"lam": 1000, "rho1": 0.1, "rho2": 0.9, "ITER": 29, "d": 10, "style_recovery": 0.002700732233183349, "style_content_disentagle": 0.003456790243814075}