{"lam": 100, "rho1": 0.1, "rho2": 0.9, "ITER": 37, "d": 10, "style_recovery": 0.004334742169126681, "style_content_disentagle": 0.0065360128621827825}