{"lam": 0.1, "rho1": 0.5, "rho2": 0.1, "ITER": 32, "d": 10, "style_recovery": 0.004798278635319505, "style_content_disentagle": 0.34157371444222806}