{"lam": 0.01, "rho1": 0.5, "rho2": 0.1, "ITER": 15, "d": 10, "style_recovery": 0.003967021285071029, "style_content_disentagle": 0.3444681638489744}