{"lam": 10, "rho1": 0.5, "rho2": 0.5, "ITER": 13, "d": 10, "style_recovery": 0.0030673011716748264, "style_content_disentagle": 0.037685656815689465}