{"lam": 1, "rho1": 0.1, "rho2": 0.1, "ITER": 42, "d": 10, "style_recovery": 0.004534296116272152, "style_content_disentagle": 0.09952199487199137}