{"lam": 10, "rho1": 0.9, "rho2": 0.5, "ITER": 8, "d": 10, "style_recovery": 0.004934985929412138, "style_content_disentagle": 0.05079540272867398}