{"lam": 10000.0, "rho1": 0.9, "rho2": 0.5, "ITER": 42, "d": 10, "style_recovery": 0.003880823979967297, "style_content_disentagle": 0.005544787070493951}