{"lam": 100, "rho1": 0.9, "rho2": 0.9, "ITER": 34, "d": 10, "style_recovery": 0.005147463583707884, "style_content_disentagle": 0.015754576102785182}