{"lam": 10, "rho1": 0.5, "rho2": 0.1, "ITER": 9, "d": 10, "style_recovery": 0.004491034474847754, "style_content_disentagle": 0.026051531901153592}