{"lam": 0.01, "rho1": 0.9, "rho2": 0.9, "ITER": 48, "d": 10, "style_recovery": 0.004548549828890276, "style_content_disentagle": 0.37416482359037084}