{"lam": 10000.0, "rho1": 0.5, "rho2": 0.1, "ITER": 44, "d": 10, "style_recovery": 0.0052613947789556925, "style_content_disentagle": 0.0053970730296107015}