{"lam": 10000.0, "rho1": 0.5, "rho2": 0.1, "ITER": 43, "d": 10, "style_recovery": 0.0033740380517171763, "style_content_disentagle": 0.004944316783639633}