{"lam": 1000, "rho1": 0.1, "rho2": 0.9, "ITER": 11, "d": 10, "style_recovery": 0.004028903694816229, "style_content_disentagle": 0.00455328836120905}