{"lam": 1, "rho1": 0.5, "rho2": 0.9, "ITER": 36, "d": 10, "style_recovery": 0.004474045871717364, "style_content_disentagle": 0.17105896827085612}