{"lam": 0.01, "rho1": 0.9, "rho2": 0.5, "ITER": 18, "d": 10, "style_recovery": 0.003286299144526955, "style_content_disentagle": 0.34895023279593645}