{"lam": 1000, "rho1": 0.1, "rho2": 0.5, "ITER": 29, "d": 10, "style_recovery": 0.0028498948347987613, "style_content_disentagle": 0.0035344074708723978}