{"lam": 1, "rho1": 0.5, "rho2": 0.5, "ITER": 46, "d": 10, "style_recovery": 0.004405286517937938, "style_content_disentagle": 0.18728052581061966}