{"lam": 100, "rho1": 0.5, "rho2": 0.5, "ITER": 22, "d": 10, "style_recovery": 0.004129946050382886, "style_content_disentagle": 0.00547627234496758}