{"lam": 10000.0, "rho1": 0.5, "rho2": 0.5, "ITER": 44, "d": 10, "style_recovery": 0.005185903823702132, "style_content_disentagle": 0.005479873764114367}