{"lam": 1000, "rho1": 0.1, "rho2": 0.1, "ITER": 19, "d": 10, "style_recovery": 0.004089915945971762, "style_content_disentagle": 0.005321093631174447}