{"lam": 0.1, "rho1": 0.1, "rho2": 0.5, "ITER": 39, "d": 10, "style_recovery": 0.003473501170421328, "style_content_disentagle": 0.2713927252425058}