{"lam": 10000.0, "rho1": 0.1, "rho2": 0.5, "ITER": 41, "d": 10, "style_recovery": 0.004845015190895816, "style_content_disentagle": 0.005018666923711696}