{"lam": 10000.0, "rho1": 0.1, "rho2": 0.5, "ITER": 43, "d": 10, "style_recovery": 0.003531694415071664, "style_content_disentagle": 0.004935490239841184}