{"lam": 0.1, "rho1": 0.9, "rho2": 0.9, "ITER": 44, "d": 10, "style_recovery": 0.005046725154780518, "style_content_disentagle": 0.3816777087612518}