{"lam": 0.01, "rho1": 0.1, "rho2": 0.9, "ITER": 21, "d": 10, "style_recovery": 0.0020473952378254057, "style_content_disentagle": 0.3883145011908263}