{"lam": 0.1, "rho1": 0.1, "rho2": 0.9, "ITER": 25, "d": 10, "style_recovery": 0.00268145995095583, "style_content_disentagle": 0.3029078881175759}