{"lam": 1, "rho1": 0.5, "rho2": 0.5, "ITER": 4, "d": 10, "style_recovery": 0.004288850087252853, "style_content_disentagle": 0.1837811029153274}