{"lam": 10000.0, "rho1": 0.5, "rho2": 0.1, "ITER": 2, "d": 10, "style_recovery": 0.004619254479221667, "style_content_disentagle": 0.004876606739647606}