{"lam": 1000, "rho1": 0.5, "rho2": 0.5, "ITER": 19, "d": 10, "style_recovery": 0.003663226037295548, "style_content_disentagle": 0.005245009698326788}