{"lam": 1000, "rho1": 0.1, "rho2": 0.5, "ITER": 35, "d": 10, "style_recovery": 0.004365320170270328, "style_content_disentagle": 0.004065244951865892}