{"lam": 0.1, "rho1": 0.5, "rho2": 0.9, "ITER": 3, "d": 10, "style_recovery": 0.002191210961825346, "style_content_disentagle": 0.38427788498545545}