{"lam": 1, "rho1": 0.5, "rho2": 0.9, "ITER": 10, "d": 10, "style_recovery": 0.004541690801189194, "style_content_disentagle": 0.17203892843040697}