{"lam": 0.01, "rho1": 0.5, "rho2": 0.5, "ITER": 18, "d": 10, "style_recovery": 0.0032862991445267603, "style_content_disentagle": 0.3686733979191141}