{"lam": 0.1, "rho1": 0.1, "rho2": 0.1, "ITER": 2, "d": 10, "style_recovery": 0.004619254479221644, "style_content_disentagle": 0.26573135671899606}