{"lam": 10, "rho1": 0.1, "rho2": 0.5, "ITER": 11, "d": 10, "style_recovery": 0.004004794498315094, "style_content_disentagle": 0.016665184228618676}